{
    "true_V_value": 5699.313857897189,
    "iteration_0": 7798.767990227333,
    "iteration_1": 5153.794068226855,
    "iteration_2": 5307.767409178953,
    "iteration_3": 5171.882911180441,
    "iteration_4": 5206.340104517872,
    "iteration_5": 5028.434573401755,
    "iteration_6": 5160.419908269058,
    "iteration_7": 5133.740096056384,
    "iteration_8": 5199.382692344383,
    "iteration_9": 5113.1956834972025
}