{
    "true_V_value": 5310.632035802339,
    "iteration_0": 7930.066985546616,
    "iteration_1": 5450.055382300735,
    "iteration_2": 5400.968139713013,
    "iteration_3": 5386.700679056674,
    "iteration_4": 5364.305546101849,
    "iteration_5": 5325.628263668618,
    "iteration_6": 5416.705275150475,
    "iteration_7": 5426.6756702136,
    "iteration_8": 5500.800391424878,
    "iteration_9": 5375.625835029231,
    "iteration_10": 5341.277296260834,
    "iteration_11": 5395.084535535169,
    "iteration_12": 5425.999633218592,
    "iteration_13": 5366.8064726241755,
    "iteration_14": 5447.59632241568,
    "iteration_15": 5325.20761462237,
    "iteration_16": 5457.083605532747,
    "iteration_17": 5351.4050226531435,
    "iteration_18": 5402.968917654005,
    "iteration_19": 5448.3242680573185
}