{
    "true_V_value": 5721.001892059531,
    "iteration_0": 7698.242767457508,
    "iteration_1": 5222.334896342382,
    "iteration_2": 5194.952904789148,
    "iteration_3": 5193.961149641875,
    "iteration_4": 5351.039391026754,
    "iteration_5": 5203.926713068555,
    "iteration_6": 5217.787064340057,
    "iteration_7": 5223.549237184714,
    "iteration_8": 5173.502093112432,
    "iteration_9": 5145.73198375104
}