{
    "true_V_value": 5398.675178118495,
    "iteration_0": 8016.83287943426,
    "iteration_1": 5404.723163907817,
    "iteration_2": 5403.316019827626,
    "iteration_3": 5413.29837828178,
    "iteration_4": 5400.132396967672,
    "iteration_5": 5412.675457213355,
    "iteration_6": 5403.146740477386,
    "iteration_7": 5410.812744335279,
    "iteration_8": 5406.68292184434,
    "iteration_9": 5401.987262845064,
    "iteration_10": 5405.5123874082265,
    "iteration_11": 5407.912538364658,
    "iteration_12": 5403.824390674343,
    "iteration_13": 5406.024288911993,
    "iteration_14": 5404.900156343718,
    "iteration_15": 5407.722797431436,
    "iteration_16": 5403.4604340252135,
    "iteration_17": 5406.256515392699,
    "iteration_18": 5401.464821308346,
    "iteration_19": 5404.92223158282
}