{
    "true_V_value": 9017.492018309697,
    "iteration_0": 20050.27998470555,
    "iteration_1": 9071.79941642399,
    "iteration_2": 9176.515186206356,
    "iteration_3": 9100.384066111477,
    "iteration_4": 9095.226794859247,
    "iteration_5": 9084.233915856683,
    "iteration_6": 9140.264910674801,
    "iteration_7": 9094.837922134237,
    "iteration_8": 9105.389279208097,
    "iteration_9": 9107.316298084512,
    "iteration_10": 9221.642213842697,
    "iteration_11": 9114.559442161011,
    "iteration_12": 9124.562142417282,
    "iteration_13": 9203.37153552598,
    "iteration_14": 9170.185345579801,
    "iteration_15": 9118.38274222293,
    "iteration_16": 9141.168597724292,
    "iteration_17": 9089.177558535654,
    "iteration_18": 9139.498287791821,
    "iteration_19": 9185.14818274126
}