{
    "iteration_300": 2564.637946783853,
    "iteration_600": 2383.117839096446,
    "iteration_900": 2173.1517148713747,
    "iteration_1200": 1884.5303971265043,
    "iteration_1500": 1573.024586180537
}