{
    "iteration_0": 2611.2573826425673,
    "iteration_1": 13.136244071543143,
    "iteration_2": 12.072440340414385,
    "iteration_3": 19.618580271906637,
    "iteration_4": 9.805555129235332,
    "iteration_5": 19.486356328473672,
    "iteration_6": 13.648593444394644,
    "iteration_7": 15.916255993212506,
    "iteration_8": 16.955458385424894,
    "iteration_9": 15.026101110158084,
    "iteration_10": 12.564699048017179,
    "iteration_11": 15.866998411643051,
    "iteration_12": 13.44900509944463,
    "iteration_13": 14.113467148591713,
    "iteration_14": 13.72861201228663,
    "iteration_15": 16.155117378865235,
    "iteration_16": 11.102551773612648,
    "iteration_17": 15.668957259118526,
    "iteration_18": 12.01691692038716,
    "iteration_19": 12.873808824437036
}