{
    "iteration_0": 2556.6492758278678,
    "iteration_1": 14.375573711033015,
    "iteration_2": 12.036923779014908,
    "iteration_3": 15.424666316534047,
    "iteration_4": 10.048725566619396,
    "iteration_5": 11.840601884323181,
    "iteration_6": 11.581457161730505,
    "iteration_7": 14.240703247735736,
    "iteration_8": 11.501243891664009,
    "iteration_9": 15.877752698314023
}