{
    "iteration_0": 2638.760604016569,
    "iteration_1": 18.563467263305586,
    "iteration_2": 15.579718551073633,
    "iteration_3": 23.77900149482896,
    "iteration_4": 16.103651464903066,
    "iteration_5": 18.426692303819824,
    "iteration_6": 24.257166288028696,
    "iteration_7": 13.15684412267586,
    "iteration_8": 20.494116634968137,
    "iteration_9": 13.719318339801019,
    "iteration_10": 10.164583560257306,
    "iteration_11": 17.18286831597476,
    "iteration_12": 23.567377937092942,
    "iteration_13": 17.945242834544302,
    "iteration_14": 15.602943196310672,
    "iteration_15": 15.752864409749284,
    "iteration_16": 29.866535075007953,
    "iteration_17": 14.75040759849837,
    "iteration_18": 22.80238690223892,
    "iteration_19": 13.368186625420577
}