{
    "iteration_0": 2588.005575739917,
    "iteration_1": 19.819841431870877,
    "iteration_2": 11.757787857485384,
    "iteration_3": 11.24181161433301,
    "iteration_4": 15.057929938793627,
    "iteration_5": 17.46364902965559,
    "iteration_6": 13.858562896087111,
    "iteration_7": 9.43711088165348,
    "iteration_8": 21.315447697731848,
    "iteration_9": 19.507342015752634
}