{
    "iteration_0": 2531.988924204699,
    "iteration_1": 10.613960292429487,
    "iteration_2": 11.223883056428857,
    "iteration_3": 26.496712894139662,
    "iteration_4": 10.65449744712684,
    "iteration_5": 22.43765525165929,
    "iteration_6": 11.672597682562317,
    "iteration_7": 17.922133538217867,
    "iteration_8": 11.469186023431995,
    "iteration_9": 12.91793081718095
}