{
    "true_V_value": 5566.477425379225,
    "iteration_300": 7831.173646408284,
    "iteration_600": 7747.95565695056,
    "iteration_900": 7673.411480586345,
    "iteration_1200": 7667.796922860289,
    "iteration_1500": 7606.902894104988,
    "iteration_1800": 7622.3682485992,
    "iteration_2100": 7658.09767266626,
    "iteration_2400": 7596.149467940706,
    "iteration_2700": 7571.231958272716,
    "iteration_3000": 7555.65691780607,
    "iteration_3300": 7502.061066953544,
    "iteration_3600": 7561.238222291859,
    "iteration_3900": 7482.435213321143,
    "iteration_4200": 7494.145555747006,
    "iteration_4500": 7484.678881377551,
    "iteration_4800": 7430.595613021724,
    "iteration_5100": 7295.91464489444,
    "iteration_5400": 7182.297224667962,
    "iteration_5700": 7131.064104458902,
    "iteration_6000": 7004.432097272751,
    "iteration_6300": 6799.496019092568,
    "iteration_6600": 6543.585647443522,
    "iteration_6900": 6331.186949223242,
    "iteration_7200": 6196.540678019866,
    "iteration_7500": 6125.355331017903,
    "iteration_7800": 6051.867918153997,
    "iteration_8100": 6037.901713132755,
    "iteration_8400": 6020.5367449770565,
    "iteration_8700": 6000.416728729438,
    "iteration_9000": 6010.99026352214,
    "iteration_9300": 5987.473660680823,
    "iteration_9600": 5989.7956948953215,
    "iteration_9900": 5991.350173255903,
    "iteration_10200": 5965.675955426963,
    "iteration_10500": 5950.471868921795,
    "iteration_10800": 5933.4917475589555,
    "iteration_11100": 5895.328347387401,
    "iteration_11400": 5848.4127494465365,
    "iteration_11700": 5787.477253780342,
    "iteration_12000": 5711.547207534864,
    "iteration_12300": 5625.796093660826,
    "iteration_12600": 5514.8086414029,
    "iteration_12900": 5462.867328688224,
    "iteration_13200": 5421.3980720710015,
    "iteration_13500": 5400.751106208959,
    "iteration_13800": 5388.490509494109,
    "iteration_14100": 5378.193832000855,
    "iteration_14400": 5381.704126761539,
    "iteration_14700": 5380.127919414832,
    "iteration_15000": 5384.606859186945,
    "iteration_15300": 5386.935993424702,
    "iteration_15600": 5386.623771217676,
    "iteration_15900": 5398.363427118317,
    "iteration_16200": 5396.8744770640305,
    "iteration_16500": 5388.337236190551,
    "iteration_16800": 5391.360563082913,
    "iteration_17100": 5388.515521089246,
    "iteration_17400": 5401.571069656738,
    "iteration_17700": 5403.425391606839,
    "iteration_18000": 5418.866936254568,
    "iteration_18300": 5410.740956005938,
    "iteration_18600": 5412.418902299907,
    "iteration_18900": 5409.636592722172,
    "iteration_19200": 5427.691623397199,
    "iteration_19500": 5444.268413356215,
    "iteration_19800": 5438.079093035596,
    "iteration_20100": 5449.869698621542,
    "iteration_20400": 5467.916365032552,
    "iteration_20700": 5479.523290318057,
    "iteration_21000": 5483.961931759899,
    "iteration_21300": 5498.178436678599,
    "iteration_21600": 5520.06165124968,
    "iteration_21900": 5530.019893599367,
    "iteration_22200": 5535.8289819706415,
    "iteration_22500": 5549.320929178984,
    "iteration_22800": 5567.340504890972,
    "iteration_23100": 5566.67803254354,
    "iteration_23400": 5563.105356399987,
    "iteration_23700": 5590.152345357558,
    "iteration_24000": 5600.4520735009555,
    "iteration_24300": 5597.966061383285,
    "iteration_24600": 5604.249978847471,
    "iteration_24900": 5610.668123792833,
    "iteration_25200": 5614.528215824883,
    "iteration_25500": 5617.391931784668,
    "iteration_25800": 5630.457514406116,
    "iteration_26100": 5618.163011451708,
    "iteration_26400": 5630.289610415168,
    "iteration_26700": 5617.678330072656,
    "iteration_27000": 5624.572537457705,
    "iteration_27300": 5630.427088818143,
    "iteration_27600": 5618.9081890516845,
    "iteration_27900": 5630.343462563706,
    "iteration_28200": 5624.203204596215,
    "iteration_28500": 5633.845337524466,
    "iteration_28800": 5636.630076748899,
    "iteration_29100": 5650.450206010384,
    "iteration_29400": 5634.0101902344595,
    "iteration_29700": 5637.389718571973,
    "iteration_30000": 5643.376220993045,
    "iteration_30300": 5649.654051471606,
    "iteration_30600": 5652.601013724854,
    "iteration_30900": 5641.458421585577,
    "iteration_31200": 5645.033298883606,
    "iteration_31500": 5643.247803026605,
    "iteration_31800": 5656.78769266314,
    "iteration_32100": 5650.020357416923,
    "iteration_32400": 5647.418292536251,
    "iteration_32700": 5650.186985384093,
    "iteration_33000": 5655.323609377483,
    "iteration_33300": 5651.820984820101,
    "iteration_33600": 5652.601998918584,
    "iteration_33900": 5652.872884356422,
    "iteration_34200": 5662.363507846642,
    "iteration_34500": 5658.4595630536805,
    "iteration_34800": 5651.4695564562835,
    "iteration_35100": 5663.270160040125,
    "iteration_35400": 5660.467465691221,
    "iteration_35700": 5665.114999502992,
    "iteration_36000": 5672.159530724838,
    "iteration_36300": 5661.678450857926,
    "iteration_36600": 5667.807495560226,
    "iteration_36900": 5663.626247071956,
    "iteration_37200": 5666.750357680941,
    "iteration_37500": 5670.44078218867,
    "iteration_37800": 5656.993660361414,
    "iteration_38100": 5667.466702165352,
    "iteration_38400": 5662.00507449048,
    "iteration_38700": 5670.036373955609,
    "iteration_39000": 5675.775495246042,
    "iteration_39300": 5670.941587061856,
    "iteration_39600": 5669.1960876012345,
    "iteration_39900": 5677.947899383517,
    "iteration_40200": 5662.3995462714975
}