{
    "epoch_1": 598.7718649206893,
    "epoch_2": 170.13978259904192,
    "epoch_3": 126.01341268943989,
    "epoch_4": 63.01046382139065,
    "epoch_5": 46.073632446160474,
    "epoch_6": 60.797924576418424,
    "epoch_7": 32.81643711640804,
    "epoch_8": 27.027432140332383,
    "epoch_9": 28.45350153260232,
    "epoch_10": 25.718046036404793,
    "epoch_11": 24.437857290505665,
    "epoch_12": 25.17159864730874,
    "epoch_13": 33.49409448783312,
    "epoch_14": 27.941522472733382,
    "epoch_15": 23.801190057001964,
    "epoch_16": 23.321938255219308,
    "epoch_17": 21.766497885899316,
    "epoch_18": 26.442827664253162,
    "epoch_19": 22.06253379889387,
    "epoch_20": 24.815020865542717,
    "epoch_21": 27.763196803344698,
    "epoch_22": 37.69743578407416,
    "epoch_23": 22.72833904935995,
    "epoch_24": 21.529210498492947,
    "epoch_25": 20.346407514358372,
    "epoch_26": 18.18268856094503,
    "epoch_27": 20.889875073603047,
    "epoch_28": 22.262000633398486,
    "epoch_29": 23.529711394410235,
    "epoch_30": 22.05047547255589,
    "epoch_31": 21.793985497812013,
    "epoch_32": 16.986241025674023,
    "epoch_33": 20.94028238995689,
    "epoch_34": 19.703307891105954,
    "epoch_35": 23.724472675241135,
    "epoch_36": 22.87801041350993,
    "epoch_37": 20.552602978634454,
    "epoch_38": 17.62234448581269,
    "epoch_39": 20.961661324678435,
    "epoch_40": 19.75277998461982,
    "epoch_41": 18.352312125604815,
    "epoch_42": 19.991200079020253,
    "epoch_43": 20.027865704143643,
    "epoch_44": 15.72879962330609,
    "epoch_45": 16.976730088829438,
    "epoch_46": 15.962141634669326,
    "epoch_47": 15.81145795800135,
    "epoch_48": 18.938232108631567,
    "epoch_49": 15.384792019049934,
    "epoch_50": 16.72302849900263,
    "epoch_51": 17.31585147996022,
    "epoch_52": 19.338483750298053,
    "epoch_53": 15.318209664450738,
    "epoch_54": 19.00305033868815,
    "epoch_55": 14.905815900879487,
    "epoch_56": 17.105345541556876,
    "epoch_57": 20.579107732408414,
    "epoch_58": 17.88440414381303,
    "epoch_59": 18.443175705379062,
    "epoch_60": 16.769973071435423,
    "epoch_61": 22.841051839988843,
    "epoch_62": 18.21899189118474,
    "epoch_63": 19.114376549329332,
    "epoch_64": 20.24507299723962,
    "epoch_65": 17.888538965195202,
    "epoch_66": 22.413377655310118,
    "epoch_67": 18.208705063107832,
    "epoch_68": 19.143580055893363,
    "epoch_69": 17.116857693944297,
    "epoch_70": 15.537694030002394,
    "epoch_71": 18.582544621081475,
    "epoch_72": 21.997958688310455,
    "epoch_73": 17.213434868215703,
    "epoch_74": 19.60299403424891,
    "epoch_75": 19.81570159434757,
    "epoch_76": 18.073583964580227,
    "epoch_77": 18.285473328819766,
    "epoch_78": 16.535789603487505,
    "epoch_79": 16.24323397873274,
    "epoch_80": 16.885619393496068,
    "epoch_81": 17.14774050232975,
    "epoch_82": 16.341853628017496,
    "epoch_83": 18.849363335999836,
    "epoch_84": 16.208244725367393,
    "epoch_85": 18.60255951448866,
    "epoch_86": 17.65496153105378,
    "epoch_87": 19.061963244232853,
    "epoch_88": 18.76648261404667,
    "epoch_89": 15.378088113449625,
    "epoch_90": 17.345964224556813,
    "epoch_91": 19.66965118928995,
    "epoch_92": 19.417458848217148,
    "epoch_93": 17.15967434714013,
    "epoch_94": 18.856298926785822,
    "epoch_95": 23.426345720856954,
    "epoch_96": 17.224129069708827,
    "epoch_97": 17.107054712379924,
    "epoch_98": 19.579372037245655,
    "epoch_99": 20.600912860281834
}