{
    "true_V_value": 5494.579592271912,
    "iteration_0": [
        8138.6487487775885,
        8137.350072178752,
        8137.090748116485,
        8138.298067281439,
        8136.148749388865,
        8135.755873860828,
        8136.444502327098,
        8135.017851508497,
        8135.273857824449,
        8137.8893428139445,
        8137.169666427047,
        8137.413708127877,
        8136.6128063673805,
        8136.208667115769,
        8137.45720745179,
        8137.525410731812,
        8136.472124008782,
        8135.56517019443,
        8135.958499943466,
        8134.280467875227,
        8136.091923414098,
        8136.366441198579,
        8137.561131927953,
        8135.357840449215,
        8134.286243031053,
        8137.857292468279,
        8136.469718490213,
        8136.2209122188115,
        8135.999936420021,
        8136.995436487521
    ],
    "iteration_1": [
        5497.488456969259,
        5495.940089072084,
        5498.302299418803,
        5497.371595213606,
        5493.516195058647,
        5494.523868408306,
        5502.078703416757,
        5504.781627055787,
        5494.930957247273,
        5498.700955099964,
        5494.802861244317,
        5499.8456037492215,
        5492.949526574188,
        5500.260344592354,
        5499.13063077224,
        5499.20506915616,
        5494.819188997262,
        5495.533470612849,
        5495.597773722535,
        5497.321694083882,
        5498.908864383132,
        5499.862101958784,
        5494.714068531903,
        5498.6005060545995,
        5499.179686217453,
        5499.845907458475,
        5496.344996567303,
        5495.070047264224,
        5493.735961142671,
        5496.62002013713
    ],
    "iteration_2": [
        5492.212803743225,
        5493.346162456035,
        5495.384212865008,
        5493.445668717877,
        5494.548231776716,
        5495.112662247926,
        5497.2490718615545,
        5493.024366848614,
        5492.811683496676,
        5494.746803599225,
        5494.445686200163,
        5497.231477999498,
        5494.275374198756,
        5495.679997711385,
        5493.601042347,
        5495.170502187348,
        5499.592695584661,
        5491.426653707357,
        5494.734579618526,
        5492.974785334062,
        5493.819864450953,
        5493.741819283239,
        5497.84409944384,
        5495.15618146303,
        5493.9047678327115,
        5493.5954426903745,
        5495.138562153146,
        5493.726785811319,
        5500.255899511249,
        5495.63070958596
    ],
    "iteration_3": [
        5492.549492475044,
        5493.20654277587,
        5493.498134000627,
        5493.056243839832,
        5492.239776964621,
        5491.859215890157,
        5491.9201640146075,
        5494.476321477009,
        5493.44212591942,
        5492.480585870004,
        5493.225108730395,
        5492.454888267323,
        5493.54318275131,
        5493.843534000915,
        5492.764209983911,
        5492.829433595868,
        5493.530817667444,
        5493.363477114808,
        5493.181442413107,
        5492.637868482549,
        5493.137721977315,
        5493.218273474612,
        5492.989537619914,
        5494.620006112075,
        5492.884048362144,
        5494.614456821134,
        5491.627598459702,
        5493.612584829882,
        5493.950058999465,
        5494.277057647085
    ],
    "iteration_4": [
        5495.246963389198,
        5491.735158544679,
        5492.298673978357,
        5495.106201195,
        5494.099089675254,
        5493.770930871971,
        5493.466731160578,
        5493.865450906502,
        5493.152044546255,
        5496.487202074595,
        5498.527047035476,
        5492.375269953358,
        5495.923842430707,
        5494.116428708048,
        5492.911896620501,
        5494.626356992561,
        5493.733581878799,
        5493.170767161003,
        5494.893407026031,
        5496.898356435142,
        5492.050972694842,
        5494.5330664087805,
        5497.831110447112,
        5495.97198487472,
        5494.798434175963,
        5494.9369563841765,
        5492.687077976761,
        5495.56074888677,
        5496.227406660097,
        5492.781360738238
    ]
}