{
    "iteration_0": [
        2611.1473499224094,
        2609.849478674095,
        2609.6254705649094,
        2610.8507799540125,
        2608.651207944439,
        2608.3426522333502,
        2608.965431145249,
        2607.5548177283868,
        2607.821231507913,
        2610.4073531427375,
        2609.703456901562,
        2609.9672347498595,
        2609.1084339406166,
        2608.818271758758,
        2609.996381528364,
        2610.0679039413467,
        2608.994245214799,
        2608.1410476177334,
        2608.4776400400274,
        2606.8013952027395,
        2608.5926511935513,
        2608.872468870993,
        2610.098808311824,
        2607.9220974556106,
        2606.896328081851,
        2610.4225138327674,
        2609.002718538707,
        2608.754124144403,
        2608.5409609476574,
        2609.5235024652925
    ],
    "iteration_1": [
        12.557081313498013,
        12.72831303428083,
        13.676485561706617,
        13.310196572548264,
        11.865939550730456,
        11.679138017964693,
        17.61787146766146,
        18.384698533279483,
        13.061940943490406,
        13.532290882021782,
        13.569728452638627,
        12.944357786938639,
        13.39862465965026,
        14.015230122473964,
        15.44481514385711,
        15.557604509960493,
        13.882072657419176,
        12.444884950283713,
        14.463004055283795,
        14.398500547308819,
        15.327937351052883,
        15.693531437623577,
        11.871972179442865,
        16.778149730717058,
        14.992428925048687,
        15.257234643535872,
        13.311509996346397,
        12.981872031607951,
        12.985341629517796,
        14.75429918571148
    ],
    "iteration_2": [
        12.774177241351856,
        13.114048888134777,
        12.52005710338736,
        14.40255783992047,
        14.660816559242766,
        13.261026250813389,
        14.17327323379747,
        13.089029629440027,
        12.617391129078555,
        14.810510490479695,
        13.608132467535958,
        12.732235105373983,
        14.143059020377908,
        12.72629616542709,
        12.790500007476341,
        11.539469937861432,
        14.790790128386886,
        13.042898699441393,
        13.1967102807221,
        13.94398380057846,
        12.97438181307529,
        16.095091286910854,
        13.625908577122566,
        12.32800947403744,
        15.022380997932954,
        14.7455843121026,
        12.24330719237893,
        12.61606523608632,
        15.481807785805499,
        12.853058015626443
    ],
    "iteration_3": [
        12.642532677905264,
        15.79621894613648,
        12.925987402002322,
        13.828546676090777,
        11.809478451468733,
        13.324644948505941,
        13.832120628430541,
        17.909592624466125,
        15.248705120435417,
        15.462306908265603,
        14.372324416158092,
        15.307931972611991,
        15.076800334225867,
        14.515693789528259,
        16.710829104549855,
        14.402397480354463,
        17.845392707839952,
        17.65392707484439,
        12.400843171257469,
        12.932832100485388,
        16.744868738347805,
        15.861751984411338,
        12.664969108460737,
        17.785913772364278,
        14.51086921578773,
        14.454806951181796,
        12.665678321809606,
        14.954445427074619,
        12.63667895114834,
        18.313248113934346
    ],
    "iteration_4": [
        14.596823162521895,
        11.975374775627342,
        13.383512244873593,
        15.342808759178805,
        18.15668485489034,
        13.208533356389221,
        13.218235444702463,
        13.42863765669174,
        13.69367884768462,
        16.071236683693858,
        14.859847576198925,
        13.589819702717806,
        15.55631621346651,
        13.017998967160587,
        13.509825420748962,
        16.415367188744664,
        14.316246788125564,
        12.835278737137397,
        16.112125325109027,
        14.672746411754488,
        11.620322872157445,
        16.599906187192552,
        20.165652167507254,
        16.1019798472042,
        15.075689766664787,
        14.078930042155719,
        15.311531148388493,
        13.703295774676787,
        11.71283665610194,
        13.903988798429394
    ]
}