epoch,w2_loss_train_samples,g_OT_train_loss,g_constraints_train_loss,remaining_f_train_loss,mu_2moment_train_loss,miu_mean_train,miu_var_train
1,0.6918998606482861,"[0.04267916504216082, 0.31902226920498317, 1.0242837660925261, -0.4341349858702678, 0.6215386425703774, 0.006695073760218076, 0.19107679066041275, 0.68852142162621, 0.5680318857025766, 0.2676672729404848, 0.9047403955252632, 0.38326839801751905, 0.903298969279147, 0.6080318671050999, 0.31021625874874487, 0.18757881616449182, 1.1354123359421897, -0.11638623891152534, 0.7429218413556612, 0.4011086791277762]",0.09503161682894067,"[-0.5524836573687693, -0.6927914539786677, -1.266718644327484, 0.04000734790062476, -1.3525995791330934, -0.5035273551444213, -0.8537752659122149, -1.1104802317296465, -0.8692746684917559, -0.704194179524978, -1.3261164468030135, -0.706861383865277, -1.2802740642242134, -1.195575645516316, -0.7071084571008881, -0.6088098263492187, -1.299080253392458, -0.48629308624813955, -1.360030988647292, -0.943776637353003]",0.228784622758627,"[-0.025645826011896133, 0.2061057835817337]","[[0.14217144330307677, 0.04055461635871345], [0.04055461635871345, 0.2737176737048015]]"
2,0.6976555550790182,"[-0.24057302792246138, 0.07938045637475113, 0.9240067702821563, -0.48050341538257035, 0.389625812915878, -0.17071966795975121, -0.0679638182558119, 0.4542958789091145, 0.4052631579256721, 0.049454850380619406, 0.8228424101943775, 0.22598515023891325, 0.6521850954989596, 0.545848321494543, 0.15294413710220006, -0.07676360554165308, 1.1039703185276843, -0.13804309312461155, 0.7248674954018663, 0.2814783817426195]",2.903568570470978e-06,"[-0.2542666332423687, -0.44201857748130957, -1.1516200374811887, 0.0943819435670351, -1.1006352536876995, -0.31857769010588527, -0.5860151898488403, -0.8628431798766056, -0.6975942451755206, -0.4833411811167995, -1.2260292508701482, -0.5377404337003827, -1.0153812633703152, -1.1186455916116635, -0.5403603774060806, -0.3389628210601707, -1.2583433692653974, -0.450563463618358, -1.3204181929926078, -0.8024939369410277]",0.21914723523457827,"[-0.02635190822184086, 0.19808894395828247]","[[0.13622964452134667, 0.0426736587711571], [0.0426736587711571, 0.26578495367937643]]"
