{
    "true_V_value": 5735.87622141864,
    "iteration_300": 8103.595223349088,
    "iteration_600": 7970.693950455893,
    "iteration_900": 7768.760453035347,
    "iteration_1200": 7555.030587663266,
    "iteration_1500": 7221.009985324257,
    "iteration_1800": 6928.129504210474,
    "iteration_2100": 6747.395604399088,
    "iteration_2400": 6570.071264374516,
    "iteration_2700": 6472.212644450034,
    "iteration_3000": 6399.02141062908,
    "iteration_3300": 6376.3584543950265,
    "iteration_3600": 6360.424494589424,
    "iteration_3900": 6367.857757118272,
    "iteration_4200": 6391.5342306149005,
    "iteration_4500": 6380.997989210258,
    "iteration_4800": 6398.442223744959,
    "iteration_5100": 6410.558362324802,
    "iteration_5400": 6380.3602994941375,
    "iteration_5700": 6397.644189869956,
    "iteration_6000": 6353.943424155422,
    "iteration_6300": 6341.601472574862,
    "iteration_6600": 6327.291996702055,
    "iteration_6900": 6326.793737055533,
    "iteration_7200": 6321.428133955511,
    "iteration_7500": 6324.701033490576,
    "iteration_7800": 6262.51523845684,
    "iteration_8100": 6178.636856392946,
    "iteration_8400": 6103.453760116882,
    "iteration_8700": 6003.09164337589,
    "iteration_9000": 5887.794379994319,
    "iteration_9300": 5841.049185159824,
    "iteration_9600": 5790.6209326333355,
    "iteration_9900": 5780.15826165525,
    "iteration_10200": 5781.455771841528
}