{
    "true_V_value": 5263.845594920012,
    "iteration_300": 8008.851042978802,
    "iteration_600": 7827.745577165008,
    "iteration_900": 7615.601675494094,
    "iteration_1200": 7326.839874221504,
    "iteration_1500": 7014.323369030525
}