{"l_down": 0.749080237694725, "l_up": 1.9014286128198323, "X_interp": [[6.617885754465871, 121.28392605360305], [94.33691466536156, 40.67077463127833], [-1.2342620860267237, 50.8119474462317], [49.97223508654957, 126.83010999010496], [108.24902165854193, 40.612183991179215], [40.22232329930986, 66.20348062881087], [114.38178456426323, 32.03883727940229], [21.320017204931123, -1.854622803081953], [55.58809816568339, 64.68813857583523], [29.358375733941195, 80.33540943241563], [39.34916334196757, 33.16188147781561], [11.351985337742875, -4.5588894590561635], [11.770872291433214, 77.73009155191279], [-17.61493572977112, 9.902322906174968], [11.405330755933868, 22.857536684611205], [26.892005674364896, -5.142661419696183], [-0.3309668317424288, 122.10104913794476], [100.72707717718556, 118.05223022425754], [0.5196225425913368, -17.09189576972021], [51.58717652094531, 46.22774478657156], [15.34134396869894, 2.322617222701685], [-27.14346183408525, 68.41091927269201], [73.01551864422275, 32.05715464697286], [6.334981478670717, 100.21929753039251], [27.834901804057587, 33.697940965164136], [139.1223366461855, 97.72577774872289], [100.11376802614853, 88.69523045537632], [23.953871750838132, 47.39991891492311], [-10.98687592507843, 34.810781654525954], [1.5809745163080762, -7.326074094032167], [28.03160283867782, 70.34739859000102], [58.037624784922556, 79.88782808197035], [23.230971452959135, 5.074534527399513], [58.256296367205884, 68.4321934880154], [-23.3810617622933, 142.9011890726632], [72.3619974138868, 17.676494364991907], [40.71608558208986, 131.75863825809486], [75.84960825449134, 121.11321221671017], [89.26455515281563, 37.209391384983704], [13.010446724156882, 49.7994013651244], [64.47421645728897, 80.54230809536722], [-0.8519518894808145, -25.503272141756234], [75.23575265578728, 31.323258414249374], [76.12449170353604, 81.96824254813275], [83.85879474185371, 16.026418727769595], [-10.876701536440208, 69.53697413491093], [111.2160253459108, 23.93264596852429], [92.23423847967716, 21.184485848013743], [-0.5628431920709729, 83.9665972484664], [-38.040401271197574, -5.731978235855745], [-45.43939537693367, 57.11992019119185], [24.59947197736229, 41.06956452908171], [132.89416787683035, 11.73414912646216], [12.202166173292593, 125.7676092669163], [20.938062174416512, -24.1611161874793], [1.0333909166310682, -27.736978444958154], [102.10728571847837, 32.616964168016366], [65.50424952077198, 74.35855443138321], [74.50472817413251, -16.538067899821748], [103.39342033321884, 6.739150403139738], [41.90788938613587, 54.821625404960756], [52.96422136691601, 49.217687865379105], [-17.042609876076213, 85.92327427523706], [124.96535046197894, 103.28555373824578], [-22.14091307715131, 89.287225670368], [49.90497418460752, 59.42327645968446], [8.150410603097903, 9.974012552974228], [101.42849087547297, 40.125219413650186], [59.04293604406623, 43.51439130212921], [39.52683410765902, 106.3907036847075], [131.38224997843218, 18.983155794111084], [50.8623710734596, 16.892757193251633], [46.54229506300103, -38.170412434905316], [60.120307267719305, 61.48039773549758], [51.28539560921999, -19.33042736476419], [92.96410908088643, 28.76111527827191], [-38.09282673648478, 67.42415509257012], [49.72891928078969, 71.41802256376147], [106.37742861031748, 74.37445694548319], [67.9276282689696, 79.03413027379739], [21.94218714165494, 66.44307847196937], [28.49049156031053, 11.382394619050515], [-15.80714912482955, 53.74274497153523], [-5.758119633096796, 32.864346452596855], [-34.5047997901307, 101.568173383638], [74.8939566684493, 1.4637091043602828], [86.37317969965773, 63.862072932405226], [75.65479952516604, -14.758430887926188], [27.231294294467656, -4.521539158371593], [43.810519357894506, 16.557020626173994], [-22.47567884058124, -4.173768811127285], [133.63323569758592, 86.94643075070952], [63.931683255736615, 11.80333081499257], [42.8860938898512, 67.73257657255766], [66.1025783198217, 31.990155301619836], [23.474150650319544, 62.93407120794411], [132.1793262005541, 75.11507193890147], [59.04049958909113, 5.725883672840754], [33.75944175675355, 91.92352140786913], [119.87251629624136, 86.20004999837381]],