{
    "iter_2750": {
        "MCSample_0": 18294.115097538277,
        "MCSample_1": 18326.469640978,
        "MCSample_2": 18303.423342317543,
        "MCSample_3": 18277.718667278004,
        "MCSample_4": 18325.672770422192,
        "MCSample_5": 18336.341322233035,
        "MCSample_6": 18233.912815359152,
        "MCSample_7": 18191.455005290372,
        "MCSample_8": 18271.517598298113,
        "MCSample_9": 18307.42799720569,
        "MCSample_10": 18225.79117629761,
        "MCSample_11": 18331.864442908223,
        "MCSample_12": 18258.552213355986,
        "MCSample_13": 18286.925431966778,
        "MCSample_14": 18357.729241374767,
        "MCSample_15": 18287.141320696006,
        "MCSample_16": 18253.078898962704,
        "MCSample_17": 18295.48366841144,
        "MCSample_18": 18288.736527024015,
        "MCSample_19": 18238.334864474644
    },
    "iter_5500": {
        "MCSample_0": 17700.82679005157,
        "MCSample_1": 17705.371997182483,
        "MCSample_2": 17724.063631215427,
        "MCSample_3": 17604.587863041048,
        "MCSample_4": 17750.266565691818,
        "MCSample_5": 17688.71763629739,
        "MCSample_6": 17657.124911325292,
        "MCSample_7": 17730.730071767335,
        "MCSample_8": 17700.40599905891,
        "MCSample_9": 17682.582085117778,
        "MCSample_10": 17703.911669421523,
        "MCSample_11": 17720.463661544083,
        "MCSample_12": 17706.352639474433,
        "MCSample_13": 17690.271991334386,
        "MCSample_14": 17799.46115655233,
        "MCSample_15": 17746.451113467007,
        "MCSample_16": 17674.51657793155,
        "MCSample_17": 17770.44567134109,
        "MCSample_18": 17681.052612961175,
        "MCSample_19": 17710.847797151888
    },
    "iter_8250": {
        "MCSample_0": 17749.889539628097,
        "MCSample_1": 17736.23500717365,
        "MCSample_2": 17800.831757523265,
        "MCSample_3": 17820.074647590325,
        "MCSample_4": 17767.02538959237,
        "MCSample_5": 17780.415130843146,
        "MCSample_6": 17789.338452453314,
        "MCSample_7": 17788.05704455719,
        "MCSample_8": 17778.599071188677,
        "MCSample_9": 17792.938514609625,
        "MCSample_10": 17847.657610832906,
        "MCSample_11": 17795.267290333602,
        "MCSample_12": 17785.481158838462,
        "MCSample_13": 17738.0781056108,
        "MCSample_14": 17842.902194199913,
        "MCSample_15": 17840.12472658499,
        "MCSample_16": 17866.6623484064,
        "MCSample_17": 17785.352551604396,
        "MCSample_18": 17772.460735114386,
        "MCSample_19": 17803.936363423458
    },
    "iter_11000": {
        "MCSample_0": 17813.479674406346,
        "MCSample_1": 17745.287351423165,
        "MCSample_2": 17868.801742282285,
        "MCSample_3": 17788.80835858515,
        "MCSample_4": 17735.89950656721,
        "MCSample_5": 17832.834163648447,
        "MCSample_6": 17725.283846932714,
        "MCSample_7": 17772.29497643496,
        "MCSample_8": 17734.965192937714,
        "MCSample_9": 17774.67227872852,
        "MCSample_10": 17802.08060592208,
        "MCSample_11": 17813.492744471085,
        "MCSample_12": 17759.150259993003,
        "MCSample_13": 17761.55709078499,
        "MCSample_14": 17830.172507185936,
        "MCSample_15": 17862.093212908138,
        "MCSample_16": 17827.454292999646,
        "MCSample_17": 17830.11690248419,
        "MCSample_18": 17805.090048755777,
        "MCSample_19": 17787.681724562477
    },
    "iter_13750": {
        "MCSample_0": 17704.656484028823,
        "MCSample_1": 17797.014240807966,
        "MCSample_2": 17797.05143011118,
        "MCSample_3": 17724.566194659288,
        "MCSample_4": 17668.313905789175,
        "MCSample_5": 17701.032821619436,
        "MCSample_6": 17726.691769832192,
        "MCSample_7": 17797.488288727807,
        "MCSample_8": 17693.681636879388,
        "MCSample_9": 17735.965974387713,
        "MCSample_10": 17666.95060152316,
        "MCSample_11": 17705.907134389512,
        "MCSample_12": 17742.775976498644,
        "MCSample_13": 17745.492406546135,
        "MCSample_14": 17738.61136361431,
        "MCSample_15": 17672.568080405566,
        "MCSample_16": 17688.699962788876,
        "MCSample_17": 17822.783010588006,
        "MCSample_18": 17684.1052209456,
        "MCSample_19": 17706.75995005217
    },
    "iter_16500": {
        "MCSample_0": 17677.897388739686,
        "MCSample_1": 17738.126288849096,
        "MCSample_2": 17872.21115259451,
        "MCSample_3": 17779.15231092954,
        "MCSample_4": 17754.726094371304,
        "MCSample_5": 17726.94038427031,
        "MCSample_6": 17731.478337562665,
        "MCSample_7": 17746.14165114833,
        "MCSample_8": 17749.30336071669,
        "MCSample_9": 17746.025233717388,
        "MCSample_10": 17728.079044032424,
        "MCSample_11": 17796.459125659192,
        "MCSample_12": 17893.552851162858,
        "MCSample_13": 17819.42186256455,
        "MCSample_14": 17699.625840130204,
        "MCSample_15": 17831.744485746374,
        "MCSample_16": 17771.10822054989,
        "MCSample_17": 17896.431211506337,
        "MCSample_18": 17777.519437156883,
        "MCSample_19": 17799.566412179185
    },
    "iter_19250": {
        "MCSample_0": 17985.440471895054,
        "MCSample_1": 17882.851147639543,
        "MCSample_2": 17870.415917463502,
        "MCSample_3": 17924.700340593285,
        "MCSample_4": 17929.832458799003,
        "MCSample_5": 17957.75962214541,
        "MCSample_6": 17836.269907567057,
        "MCSample_7": 17901.06168237216,
        "MCSample_8": 17912.034941305945,
        "MCSample_9": 17925.290327510673,
        "MCSample_10": 17903.848854632895,
        "MCSample_11": 17899.549882669944,
        "MCSample_12": 17959.306697757947,
        "MCSample_13": 17952.290976040043,
        "MCSample_14": 17932.458879388105,
        "MCSample_15": 17949.472529700815,
        "MCSample_16": 17915.17342932292,
        "MCSample_17": 18050.0733665546,
        "MCSample_18": 17889.518024055586,
        "MCSample_19": 17968.320549674616
    },
    "iter_22000": {
        "MCSample_0": 17885.99536465638,
        "MCSample_1": 17870.40227957561,
        "MCSample_2": 17820.97613610494,
        "MCSample_3": 17819.77499410139,
        "MCSample_4": 17873.923463524752,
        "MCSample_5": 17820.121992832996,
        "MCSample_6": 17889.154051490845,
        "MCSample_7": 17858.160894885958,
        "MCSample_8": 17754.06015423697,
        "MCSample_9": 17883.80392503931,
        "MCSample_10": 17835.154417485224,
        "MCSample_11": 17885.76389600585,
        "MCSample_12": 17857.752309715874,
        "MCSample_13": 17795.620228339794,
        "MCSample_14": 17839.48912869811,
        "MCSample_15": 17846.69007900016,
        "MCSample_16": 17773.094124520503,
        "MCSample_17": 17818.96668713872,
        "MCSample_18": 17910.230554895308,
        "MCSample_19": 17873.40717336117
    },
    "iter_24750": {
        "MCSample_0": 17840.498083235118,
        "MCSample_1": 17873.14792755381,
        "MCSample_2": 17913.37000660506,
        "MCSample_3": 17891.11999577855,
        "MCSample_4": 17810.567523416947,
        "MCSample_5": 17955.24956617773,
        "MCSample_6": 17921.7923464344,
        "MCSample_7": 17832.13168126407,
        "MCSample_8": 17982.730569402156,
        "MCSample_9": 17917.662868300315,
        "MCSample_10": 17905.095989344307,
        "MCSample_11": 17937.30865324237,
        "MCSample_12": 17911.04546985392,
        "MCSample_13": 17916.163667510496,
        "MCSample_14": 17872.921652906407,
        "MCSample_15": 17865.13426749975,
        "MCSample_16": 17946.97942803329,
        "MCSample_17": 17871.284030795818,
        "MCSample_18": 17966.58358452025,
        "MCSample_19": 17906.74509588673
    },
    "iter_27500": {
        "MCSample_0": 17748.88428775167,
        "MCSample_1": 17745.23962107386,
        "MCSample_2": 17758.91999294275,
        "MCSample_3": 17775.913374013686,