{
    "iteration_550": 19582.26339371356,
    "iteration_1100": 19154.033077279433,
    "iteration_1650": 18887.29605836534,
    "iteration_2200": 18532.19711319455,
    "iteration_2750": 18329.09812419387,
    "iteration_3300": 18082.700287803043,
    "iteration_3850": 17742.127634870012,
    "iteration_4400": 17876.949796956826,
    "iteration_4950": 17776.904582917872,
    "iteration_5500": 17755.005740264503,
    "iteration_6050": 17904.127503908174,
    "iteration_6600": 17772.655293808777,
    "iteration_7150": 17827.726324721705,
    "iteration_7700": 18021.929184502693,
    "iteration_8250": 17820.096730592413,
    "iteration_8800": 17771.07336243929,
    "iteration_9350": 17750.800932383274,
    "iteration_9900": 17778.65530976423,
    "iteration_10450": 17789.387743467872,
    "iteration_11000": 17853.368145091878,
    "iteration_11550": 17825.452234542365,
    "iteration_12100": 17841.22713241705,
    "iteration_12650": 18061.556149605938,
    "iteration_13200": 17835.725134744793,
    "iteration_13750": 17773.794307126373,
    "iteration_14300": 17778.526065337683,
    "iteration_14850": 17755.252718029136,
    "iteration_15400": 17981.57871347701,
    "iteration_15950": 17852.008590962778,
    "iteration_16500": 17828.566143809298,
    "iteration_17050": 17861.304431702778,
    "iteration_17600": 17796.4282575178,
    "iteration_18150": 17925.98627263055,
    "iteration_18700": 18072.539255012605,
    "iteration_19250": 17966.25842830867,
    "iteration_19800": 17913.006727221153,
    "iteration_20350": 17838.48871913801,
    "iteration_20900": 17922.476782343732,
    "iteration_21450": 17829.88847494944,
    "iteration_22000": 17897.190645920076,
    "iteration_22550": 17899.630000180667,
    "iteration_23100": 17812.377896378628,
    "iteration_23650": 17799.451187866885,
    "iteration_24200": 17799.747344634656,
    "iteration_24750": 17920.621405073784,
    "iteration_25300": 18043.623308025803,
    "iteration_25850": 18062.792453969476,
    "iteration_26400": 17816.683581465822,
    "iteration_26950": 17809.901945685866,
    "iteration_27500": 17819.666092892003,
    "iteration_28050": 17906.410441757478,
    "iteration_28600": 17896.303600310937,
    "iteration_29150": 17941.054797150377,
    "iteration_29700": 18090.32422218486,
    "iteration_30250": 18005.554978872173,
    "iteration_30800": 17989.2912019649,
    "iteration_31350": 18000.725542976164,
    "iteration_31900": 17898.868984840294,
    "iteration_32450": 17959.878695873973,
    "iteration_33000": 17935.646519019552,
    "iteration_33550": 17948.08915773615,
    "iteration_34100": 17898.15774152447,
    "iteration_34650": 17892.171371746037,
    "iteration_35200": 17866.46040709413,
    "iteration_35750": 17902.626811446404,
    "iteration_36300": 18111.799844750793,
    "iteration_36850": 18121.001040436986,
    "iteration_37400": 18082.40948752013,
    "iteration_37950": 17988.853315862412,
    "iteration_38500": 18119.424529494423,
    "iteration_39050": 18388.306556918535,
    "iteration_39600": 18571.54653240028,
    "iteration_40150": 18335.8547665995,
    "iteration_40700": 18095.968963234853,
    "iteration_41250": 18037.000099198103,
    "iteration_41800": 17943.343238345315,
    "iteration_42350": 17969.961730645613,
    "iteration_42900": 17966.919391913638,
    "iteration_43450": 18039.606571334363,
    "iteration_44000": 18055.62236069062,
    "iteration_44550": 17968.908175699464,
    "iteration_45100": 17982.388310805974,
    "iteration_45650": 17950.00915732376,
    "iteration_46200": 18054.939953462228,
    "iteration_46750": 17994.579049021562,
    "iteration_47300": 18003.20397267628,
    "iteration_47850": 17927.61016684072,
    "iteration_48400": 17893.91349287589,
    "iteration_48950": 17989.924947922726,
    "iteration_49500": 18074.025590315105,
    "iteration_50050": 18480.958714219967
}