epoch,w2_loss_train_samples,g_OT_train_loss,g_constraints_train_loss,remaining_f_train_loss,mu_2moment_train_loss,miu_mean_train,miu_var_train
1,6718.38005678242,"[-1905.3668862639538, -728.5798175387914, -2.3104149197580086, -9.220306098945438, -1.0167601717447137]",1.163105156361644,"[-1647.9479423164453, -706.8398300607503, -2.1962523181239764, -11.455587947716316, -1.3952801128383725]",250.8210750608147,"[0.09360649436712265, 2.349404811859131]","[[214.87530214565342, -91.81116467997771], [-91.81116467997771, 282.17545885590505]]"
