{
    "true_V_value": 8955.775902781725,
    "iteration_0": 19938.57224700171,
    "iteration_1": 9020.402431591347,
    "iteration_2": 9145.01847205688,
    "iteration_3": 9085.62116174422,
    "iteration_4": 9066.277865438702,
    "iteration_5": 9142.627459863395,
    "iteration_6": 9141.27637218658,
    "iteration_7": 9063.514395517814,
    "iteration_8": 9087.229496849177,
    "iteration_9": 9168.591196530077,
    "iteration_10": 9126.68047737757,
    "iteration_11": 9127.696791235872,
    "iteration_12": 9107.902962660955,
    "iteration_13": 9136.344562453975,
    "iteration_14": 9144.256222554463,
    "iteration_15": 9021.419082818855
}