{
    "epoch_1": {
        "MCSample_0": 13436.473210376818,
        "MCSample_1": 13497.793140181439,
        "MCSample_2": 13499.963384736722,
        "MCSample_3": 13474.204275561022,
        "MCSample_4": 13564.834001917052,
        "MCSample_5": 13437.50223055427,
        "MCSample_6": 13506.156231232007,
        "MCSample_7": 13468.44944153385,
        "MCSample_8": 13547.843558655779,
        "MCSample_9": 13451.822124140028,
        "MCSample_10": 13497.646299852533,
        "MCSample_11": 13468.980424082058,
        "MCSample_12": 13512.709605194028,
        "MCSample_13": 13536.248025013658,
        "MCSample_14": 13489.11574058275,
        "MCSample_15": 13496.776781152552,
        "MCSample_16": 13506.227054849209,
        "MCSample_17": 13478.057208120512,
        "MCSample_18": 13480.689936014096,
        "MCSample_19": 13520.398989960735
    },
    "epoch_6": {
        "MCSample_0": 9709.606528187089,
        "MCSample_1": 9652.811232822334,
        "MCSample_2": 9693.057782845312,
        "MCSample_3": 9690.15385909405,
        "MCSample_4": 9639.705578909701,
        "MCSample_5": 9687.393050400546,
        "MCSample_6": 9741.970534667624,
        "MCSample_7": 9696.956780689838,
        "MCSample_8": 9750.414389667005,
        "MCSample_9": 9706.657511539222,
        "MCSample_10": 9686.459600523578,
        "MCSample_11": 9730.595456948638,
        "MCSample_12": 9716.517760965662,
        "MCSample_13": 9641.85192119996,
        "MCSample_14": 9690.386986307807,
        "MCSample_15": 9758.389266352957,
        "MCSample_16": 9679.128302820816,
        "MCSample_17": 9724.469777412432,
        "MCSample_18": 9695.630548434847,
        "MCSample_19": 9717.047457926805
    },
    "epoch_11": {
        "MCSample_0": 9438.170493307942,
        "MCSample_1": 9384.678304262205,
        "MCSample_2": 9377.917547430983,
        "MCSample_3": 9389.699784168,
        "MCSample_4": 9407.26710908899,
        "MCSample_5": 9384.698968561852,
        "MCSample_6": 9386.79655301402,
        "MCSample_7": 9381.297904837675,
        "MCSample_8": 9397.29702805117,
        "MCSample_9": 9456.733874659478,
        "MCSample_10": 9389.07543167474,
        "MCSample_11": 9404.848315813031,
        "MCSample_12": 9403.365359738698,
        "MCSample_13": 9422.004797878904,
        "MCSample_14": 9397.665457289468,
        "MCSample_15": 9364.421165966553,
        "MCSample_16": 9408.535340690132,
        "MCSample_17": 9356.238546704026,
        "MCSample_18": 9439.170088764797,
        "MCSample_19": 9412.478620814993
    },
    "epoch_16": {
        "MCSample_0": 9409.262827040297,
        "MCSample_1": 9441.357791575014,
        "MCSample_2": 9445.679474933344,
        "MCSample_3": 9390.987922348424,
        "MCSample_4": 9431.435671466887,
        "MCSample_5": 9443.722644594276,
        "MCSample_6": 9511.260303944913,
        "MCSample_7": 9456.824232253868,
        "MCSample_8": 9432.954693021564,
        "MCSample_9": 9432.581169470073,
        "MCSample_10": 9469.256222840571,
        "MCSample_11": 9466.463370352101,
        "MCSample_12": 9468.808100057762,
        "MCSample_13": 9433.219347867353,
        "MCSample_14": 9456.31661339011,
        "MCSample_15": 9465.18534425924,
        "MCSample_16": 9477.113513841989,
        "MCSample_17": 9490.751805341832,
        "MCSample_18": 9478.491342294667,
        "MCSample_19": 9462.908260447351
    },
    "epoch_21": {
        "MCSample_0": 9209.555232352763,
        "MCSample_1": 9260.1947196579,
        "MCSample_2": 9204.458213532642,
        "MCSample_3": 9244.599502453946,
        "MCSample_4": 9280.319333865937,
        "MCSample_5": 9233.4608791581,
        "MCSample_6": 9266.393432282226,
        "MCSample_7": 9250.940966635986,
        "MCSample_8": 9261.95899803156,
        "MCSample_9": 9242.972665173207,
        "MCSample_10": 9244.651931383378,
        "MCSample_11": 9276.545743910881,
        "MCSample_12": 9262.874528333172,
        "MCSample_13": 9259.078532587504,
        "MCSample_14": 9214.657776713804,
        "MCSample_15": 9284.371547711231,
        "MCSample_16": 9264.598842947311,
        "MCSample_17": 9227.51341200722,
        "MCSample_18": 9216.127473910848,
        "MCSample_19": 9239.879440325572
    },
    "epoch_26": {
        "MCSample_0": 9247.567934211715,
        "MCSample_1": 9244.99544167743,
        "MCSample_2": 9213.041068193252,
        "MCSample_3": 9247.87863790468,
        "MCSample_4": 9241.697491181902,
        "MCSample_5": 9270.71807700614,
        "MCSample_6": 9280.73284893588,
        "MCSample_7": 9239.262912117905,
        "MCSample_8": 9232.544078889852,
        "MCSample_9": 9268.609008368465,
        "MCSample_10": 9255.084019762995,
        "MCSample_11": 9230.705040358906,
        "MCSample_12": 9301.680572033172,
        "MCSample_13": 9236.127408388777,
        "MCSample_14": 9273.047753290379,
        "MCSample_15": 9261.966897064161,
        "MCSample_16": 9189.087166427846,
        "MCSample_17": 9218.6469335476,
        "MCSample_18": 9243.565860673176,
        "MCSample_19": 9266.883778545467
    },
    "epoch_31": {
        "MCSample_0": 9212.91367543551,
        "MCSample_1": 9264.438209200503,
        "MCSample_2": 9202.755628990008,
        "MCSample_3": 9196.056334467616,
        "MCSample_4": 9211.237887819014,
        "MCSample_5": 9197.397870159648,
        "MCSample_6": 9253.727624031138,
        "MCSample_7": 9231.378543924531,
        "MCSample_8": 9198.706896594476,
        "MCSample_9": 9233.168435744436,
        "MCSample_10": 9192.306155745977,
        "MCSample_11": 9199.98667022263,
        "MCSample_12": 9228.176836028613,
        "MCSample_13": 9243.137499081433,
        "MCSample_14": 9199.418242841633,
        "MCSample_15": 9179.768388839047,
        "MCSample_16": 9248.28448485307,
        "MCSample_17": 9203.565921206355,
        "MCSample_18": 9189.799045177784,
        "MCSample_19": 9217.405815514516
    },
    "epoch_36": {
        "MCSample_0": 9170.873724683766,
        "MCSample_1": 9208.939664228077,
        "MCSample_2": 9185.050293898925,
        "MCSample_3": 9225.400789631729,
        "MCSample_4": 9172.433502352416,
        "MCSample_5": 9213.764795850384,
        "MCSample_6": 9188.900120013157,
        "MCSample_7": 9224.233361596249,
        "MCSample_8": 9190.03972300573,
        "MCSample_9": 9219.275689437723,
        "MCSample_10": 9191.955755525163,
        "MCSample_11": 9199.40560914135,
        "MCSample_12": 9284.961365036253,
        "MCSample_13": 9214.137127525499,
        "MCSample_14": 9170.884461787438,
        "MCSample_15": 9203.281714295683,
        "MCSample_16": 9208.35119517396,
        "MCSample_17": 9191.790402187225,
        "MCSample_18": 9222.188522468068,
        "MCSample_19": 9213.619858949272
    },
    "epoch_41": {
        "MCSample_0": 9171.521882330204,
        "MCSample_1": 9166.454405589056,
        "MCSample_2": 9174.627361475737,
        "MCSample_3": 9184.162552557247,
        "MCSample_4": 9192.888208219269,
        "MCSample_5": 9158.289483352928,
        "MCSample_6": 9211.887826978069,
        "MCSample_7": 9207.916963770633,
        "MCSample_8": 9222.908458065878,
        "MCSample_9": 9182.055357754103,
        "MCSample_10": 9224.153728168301,
        "MCSample_11": 9198.216992537866,
        "MCSample_12": 9229.631068502062,
        "MCSample_13": 9140.769545355672,
        "MCSample_14": 9169.109514218879,
        "MCSample_15": 9216.137976881304,
        "MCSample_16": 9227.477862356596,
        "MCSample_17": 9177.395017562249,
        "MCSample_18": 9176.997250772874,
        "MCSample_19": 9185.435676052792
    },
    "epoch_46": {
        "MCSample_0": 9192.70367283043,
        "MCSample_1": 9160.644730518048,
        "MCSample_2": 9209.110121126394,
        "MCSample_3": 9191.054088046507,
        "MCSample_4": 9213.728736662833,
        "MCSample_5": 9189.82419991458,
        "MCSample_6": 9150.075463369942,