{
    "iteration_0": [
        43.25510857582479,
        43.13457776586199,
        42.62448558267044,
        43.06119194435002,
        42.301989584442275,
        42.91668033033393,
        43.23132529707888,
        42.480899019933595,
        43.24100547539091,
        42.97389864058791,
        43.18483055820969,
        43.49954492823974,
        43.224954176865396,
        42.83156594572014,
        43.25586557869868,
        42.62090143273634,
        42.90303217382875,
        42.8958447128426,
        42.820587567891245,
        43.20103003739991,
        42.98967362884333,
        42.68734271372823,
        42.80813430378178,
        42.735501196288304,
        43.64795165425727,
        42.54938106284412,
        43.027112167703564,
        42.49386231033887,
        42.99358420283137,
        42.942315456486725
    ],
    "iteration_1": [
        0.0004052951691943138,
        0.00040529475003605193,
        0.000405295906797029,
        0.0004053003525069729,
        0.00040529383078323283,
        0.00040528975663319986,
        0.0004052950566348165,
        0.00040529526868002155,
        0.00040529388021214843,
        0.0004053057623916662,
        0.0004052912703362214,
        0.0004053036318822309,
        0.00040529628330722954,
        0.0004052961758798903,
        0.00040529276980639015,
        0.0004052906248493786,
        0.0004053000010654734,
        0.0004052987645352706,
        0.00040529087738041213,
        0.00040529936606700193,
        0.00040529752773255345,
        0.0004052920079933835,
        0.00040528920544945625,
        0.0004052915673358761,
        0.000405292242746949,
        0.00040530018145976126,
        0.00040529103354784094,
        0.0004052872873920807,
        0.000405300133405643,
        0.0004052956463821897
    ],
    "iteration_2": [
        0.000405814579994754,
        0.0004058146417381003,
        0.00040581460886529976,
        0.0004058146390509865,
        0.0004058146056195652,
        0.00040581462598364806,
        0.00040581460229077883,
        0.00040581461588382083,
        0.0004058146201476798,
        0.0004058145988394419,
        0.00040581464772081313,
        0.00040581461876605814,
        0.0004058146200194053,
        0.00040581457360493905,
        0.00040581461519987916,
        0.0004058145928470119,
        0.00040581459412501736,
        0.0004058145652282343,
        0.00040581464354856345,
        0.0004058145933564925,
        0.0004058145941060549,
        0.0004058146117479318,
        0.00040581460925664394,
        0.0004058146186442362,
        0.0004058146012703151,
        0.0004058146402777745,
        0.0004058145797731042,
        0.00040581459823572165,
        0.00040581464269684247,
        0.0004058146162351657
    ],
    "iteration_3": [
        0.0004058132896320993,
        0.0004058132895978697,
        0.00040581328942404613,
        0.00040581328966893363,
        0.00040581328955509896,
        0.0004058132896096422,
        0.000405813289926293,
        0.0004058132892959103,
        0.0004058132894015321,
        0.0004058132890962689,
        0.00040581328951730785,
        0.00040581328940522763,
        0.00040581328955453013,
        0.00040581328971801443,
        0.0004058132894288204,
        0.000405813289550479,
        0.0004058132895382048,
        0.0004058132897128071,
        0.000405813289501765,
        0.00040581328946326454,
        0.00040581328959153753,
        0.00040581328977715067,
        0.0004058132895812431,
        0.00040581328954578675,
        0.00040581328964918104,
        0.0004058132894983755,
        0.0004058132897503309,
        0.0004058132895688937,
        0.0004058132895809151,
        0.0004058132895383014
    ],
    "iteration_4": [
        0.00040581382937236304,
        0.00040581382934766133,
        0.00040581382935535873,
        0.0004058138293574558,
        0.00040581382936093067,
        0.0004058138293581986,
        0.0004058138293620598,
        0.0004058138293656908,
        0.0004058138293579563,
        0.00040581382935484124,
        0.0004058138293630262,
        0.0004058138293569969,
        0.00040581382936760604,
        0.00040581382936881395,
        0.0004058138293600179,
        0.0004058138293667349,
        0.0004058138293550434,
        0.00040581382935549117,
        0.0004058138293543403,
        0.00040581382938178464,
        0.00040581382935430467,
        0.00040581382936425884,
        0.0004058138293694818,
        0.0004058138293600496,
        0.00040581382934814424,
        0.0004058138293683919,
        0.0004058138293669694,
        0.00040581382934359297,
        0.0004058138293564609,
        0.0004058138293584112
    ]
}