{
    "epoch_1": {
        "MCSample_0": 5995.303550307305,
        "MCSample_1": 5939.100219062415,
        "MCSample_2": 5946.1386143939035,
        "MCSample_3": 5975.656666892339,
        "MCSample_4": 5877.134762495805,
        "MCSample_5": 5947.827661786573,
        "MCSample_6": 5981.494770176615,
        "MCSample_7": 5977.3848068340085,
        "MCSample_8": 5915.967307004266,
        "MCSample_9": 6035.61366663614,
        "MCSample_10": 5987.131040620814,
        "MCSample_11": 5969.884963492881,
        "MCSample_12": 6071.325799037829,
        "MCSample_13": 5939.671649489114,
        "MCSample_14": 5957.507516292156,
        "MCSample_15": 5922.893980228881,
        "MCSample_16": 6019.837331156378,
        "MCSample_17": 5895.034260707752,
        "MCSample_18": 6011.579658466769,
        "MCSample_19": 5947.844635600698
    },
    "epoch_6": {
        "MCSample_0": 2251.175466448526,
        "MCSample_1": 2171.381155299668,
        "MCSample_2": 2174.803570615755,
        "MCSample_3": 2224.489165117458,
        "MCSample_4": 2206.5238661553876,
        "MCSample_5": 2217.15456053343,
        "MCSample_6": 2200.2365718743513,
        "MCSample_7": 2228.7151894046433,
        "MCSample_8": 2194.9143712995783,
        "MCSample_9": 2189.1845661935963,
        "MCSample_10": 2202.8782060032086,
        "MCSample_11": 2187.7152559067426,
        "MCSample_12": 2248.9143499025195,
        "MCSample_13": 2201.068802987867,
        "MCSample_14": 2219.8364006426923,
        "MCSample_15": 2204.2528065479355,
        "MCSample_16": 2228.1460798170015,
        "MCSample_17": 2196.4368443183125,
        "MCSample_18": 2180.1965755806546,
        "MCSample_19": 2233.1940931970275
    },
    "epoch_11": {
        "MCSample_0": 1895.5698723071291,
        "MCSample_1": 1921.9540011347185,
        "MCSample_2": 1891.5055660798578,
        "MCSample_3": 1890.0786903368996,
        "MCSample_4": 1940.001361201435,
        "MCSample_5": 1891.111993145872,
        "MCSample_6": 1899.747757754403,
        "MCSample_7": 1899.972246757364,
        "MCSample_8": 1897.381402205939,
        "MCSample_9": 1912.9714933293003,
        "MCSample_10": 1893.7967266632206,
        "MCSample_11": 1918.4483021879562,
        "MCSample_12": 1917.3215504964405,
        "MCSample_13": 1918.92315798735,
        "MCSample_14": 1889.1030847092509,
        "MCSample_15": 1893.9987025081186,
        "MCSample_16": 1904.2713550534854,
        "MCSample_17": 1905.9683237535064,
        "MCSample_18": 1929.9979720286003,
        "MCSample_19": 1906.4552696200942
    },
    "epoch_16": {
        "MCSample_0": 1941.2169168869982,
        "MCSample_1": 1989.202293572085,
        "MCSample_2": 1997.4889937251228,
        "MCSample_3": 1924.4518440758911,
        "MCSample_4": 1935.956905900905,
        "MCSample_5": 1960.3909748943715,
        "MCSample_6": 1985.0569108773543,
        "MCSample_7": 1992.488324912427,
        "MCSample_8": 1945.5366037003269,
        "MCSample_9": 1986.6067118217104,
        "MCSample_10": 1920.4442482632546,
        "MCSample_11": 1949.314069425606,
        "MCSample_12": 1970.9899415214543,
        "MCSample_13": 1971.066847982801,
        "MCSample_14": 1929.576087130741,
        "MCSample_15": 1950.4758481342667,
        "MCSample_16": 1973.5478733279915,
        "MCSample_17": 1948.6997409213816,
        "MCSample_18": 1961.0675121256777,
        "MCSample_19": 1931.229730718088
    },
    "epoch_21": {
        "MCSample_0": 1763.0350450677613,
        "MCSample_1": 1758.3369039131096,
        "MCSample_2": 1743.2671739420427,
        "MCSample_3": 1767.7597991657442,
        "MCSample_4": 1751.7543230086114,
        "MCSample_5": 1735.378305522213,
        "MCSample_6": 1745.6486472754616,
        "MCSample_7": 1769.3075351588589,
        "MCSample_8": 1780.8582904301848,
        "MCSample_9": 1731.7009030813551,
        "MCSample_10": 1777.4016126323147,
        "MCSample_11": 1735.6905412519764,
        "MCSample_12": 1736.8421901819993,
        "MCSample_13": 1752.3557397589068,
        "MCSample_14": 1760.4025738892412,
        "MCSample_15": 1759.1108880101583,
        "MCSample_16": 1808.3427669703656,
        "MCSample_17": 1761.9104867117114,
        "MCSample_18": 1734.410463436828,
        "MCSample_19": 1764.0341482701053
    },
    "epoch_26": {
        "MCSample_0": 1727.2032244590025,
        "MCSample_1": 1753.259827933311,
        "MCSample_2": 1752.886384363593,
        "MCSample_3": 1779.9623226194176,
        "MCSample_4": 1791.5631729481615,
        "MCSample_5": 1739.440083246375,
        "MCSample_6": 1753.2150020333827,
        "MCSample_7": 1757.4811253368634,
        "MCSample_8": 1740.7584552879641,
        "MCSample_9": 1770.7428740603384,
        "MCSample_10": 1746.9760645403662,
        "MCSample_11": 1749.3224440281535,
        "MCSample_12": 1759.2491090926783,
        "MCSample_13": 1756.9113335514157,
        "MCSample_14": 1759.0485570944468,
        "MCSample_15": 1741.6776543968242,
        "MCSample_16": 1755.0116987198633,
        "MCSample_17": 1745.0894987404195,
        "MCSample_18": 1750.55017824577,
        "MCSample_19": 1765.1175070381637
    },
    "epoch_31": {
        "MCSample_0": 1711.0998558152587,
        "MCSample_1": 1741.8732398207292,
        "MCSample_2": 1743.891710489449,
        "MCSample_3": 1730.1633205045514,
        "MCSample_4": 1717.7616695682732,
        "MCSample_5": 1755.438509662738,
        "MCSample_6": 1779.8319369721812,
        "MCSample_7": 1735.3225071675377,
        "MCSample_8": 1720.8673809963616,
        "MCSample_9": 1711.8550880003957,
        "MCSample_10": 1730.2806271285099,
        "MCSample_11": 1730.648082193183,
        "MCSample_12": 1724.720136978856,
        "MCSample_13": 1711.7988474089957,
        "MCSample_14": 1728.807055574776,
        "MCSample_15": 1712.055501747754,
        "MCSample_16": 1712.2777388910927,
        "MCSample_17": 1729.8559851588436,
        "MCSample_18": 1713.0014299827453,
        "MCSample_19": 1725.4240935817297
    },
    "epoch_36": {
        "MCSample_0": 1708.6313748320317,
        "MCSample_1": 1722.4929843499642,
        "MCSample_2": 1704.3348403737743,
        "MCSample_3": 1713.0275594627462,
        "MCSample_4": 1700.0788450572902,
        "MCSample_5": 1717.5949063687672,
        "MCSample_6": 1717.9403208163487,
        "MCSample_7": 1711.283046858242,
        "MCSample_8": 1725.5630598929351,
        "MCSample_9": 1729.1083151116518,
        "MCSample_10": 1740.9498238932645,
        "MCSample_11": 1711.1589842940004,
        "MCSample_12": 1753.7436050340173,
        "MCSample_13": 1747.7590939207444,
        "MCSample_14": 1705.6195248933886,
        "MCSample_15": 1730.4855128619997,
        "MCSample_16": 1696.9515205976145,
        "MCSample_17": 1726.614638030713,
        "MCSample_18": 1713.1088455534664,
        "MCSample_19": 1744.2282291210627
    },
    "epoch_41": {
        "MCSample_0": 1691.4194617239898,
        "MCSample_1": 1699.05326217333,
        "MCSample_2": 1689.3977960196657,
        "MCSample_3": 1674.1642937111058,
        "MCSample_4": 1675.0845666469138,
        "MCSample_5": 1674.5421842702817,
        "MCSample_6": 1679.2568221047306,
        "MCSample_7": 1702.4089609567075,
        "MCSample_8": 1683.278574773393,
        "MCSample_9": 1676.3670254393583,
        "MCSample_10": 1678.9045777608476,
        "MCSample_11": 1679.5449459764932,
        "MCSample_12": 1704.224482803435,
        "MCSample_13": 1690.9255069633202,
        "MCSample_14": 1686.8000992234836,
        "MCSample_15": 1680.8933114055078,
        "MCSample_16": 1725.8460716422271,
        "MCSample_17": 1687.7322614393802,
        "MCSample_18": 1683.1323491828184,
        "MCSample_19": 1709.0464794697127
    },
    "epoch_46": {
        "MCSample_0": 1689.8546107663308,
        "MCSample_1": 1697.4610387543908,
        "MCSample_2": 1713.4688648185866,
        "MCSample_3": 1707.5494609898442,