{
    "epoch_1": 296.77443230315674,
    "epoch_2": 174.14091115129767,
    "epoch_3": 107.77930968174866,
    "epoch_4": 122.43018951414295,
    "epoch_5": 69.80765202674364,
    "epoch_6": 96.67393363023194,
    "epoch_7": 81.11215587905627,
    "epoch_8": 63.18556721210541,
    "epoch_9": 67.88871964822138,
    "epoch_10": 44.897412255701184,
    "epoch_11": 55.422537446971795,
    "epoch_12": 48.89715574580526,
    "epoch_13": 43.18328165119636,
    "epoch_14": 47.345868912972435,
    "epoch_15": 30.85324336278177,
    "epoch_16": 30.3715861803019,
    "epoch_17": 36.439166605833194,
    "epoch_18": 31.429180464204116,
    "epoch_19": 46.59637427931962,
    "epoch_20": 33.76415031133644,
    "epoch_21": 27.337822848536813,
    "epoch_22": 22.617211264252553,
    "epoch_23": 24.91712337734405,
    "epoch_24": 22.882597030222747,
    "epoch_25": 24.338672495639408,
    "epoch_26": 27.78885975700999,
    "epoch_27": 28.37437429161998,
    "epoch_28": 29.5241034094465,
    "epoch_29": 25.567755223253286,
    "epoch_30": 24.243130547966516,
    "epoch_31": 21.52961133032574,
    "epoch_32": 22.04109208259822,
    "epoch_33": 23.05787141953596,
    "epoch_34": 22.03945776297095,
    "epoch_35": 22.083456019478728,
    "epoch_36": 20.708258278363175,
    "epoch_37": 23.0446393108688,
    "epoch_38": 21.26435156733669,
    "epoch_39": 23.31856654974917,
    "epoch_40": 21.192612298227544,
    "epoch_41": 22.320040863886305,
    "epoch_42": 21.734259924390436,
    "epoch_43": 21.136020286285003,
    "epoch_44": 18.79711482602536,
    "epoch_45": 19.401161728377765,
    "epoch_46": 22.77468397363312,
    "epoch_47": 22.760923547863015,
    "epoch_48": 20.078321024960463,
    "epoch_49": 21.39259435727585,
    "epoch_50": 21.797106828980116,
    "epoch_51": 19.07532793138446,
    "epoch_52": 24.546996728732417,
    "epoch_53": 20.49911245274955,
    "epoch_54": 21.889991072409323,
    "epoch_55": 20.554086489650512,
    "epoch_56": 23.12180542155025,
    "epoch_57": 21.47586718597985,
    "epoch_58": 21.977975604557503,
    "epoch_59": 21.852994139605737,
    "epoch_60": 20.57525112980369,
    "epoch_61": 20.587175795657426,
    "epoch_62": 22.35728755087967,
    "epoch_63": 22.55517984984099,
    "epoch_64": 22.873618410347508,
    "epoch_65": 21.37263628943777,
    "epoch_66": 20.92132892531645,
    "epoch_67": 20.830466878064886,
    "epoch_68": 21.9063173202987,
    "epoch_69": 23.78536578934814,
    "epoch_70": 22.72999872006112,
    "epoch_71": 19.763307500513307,
    "epoch_72": 20.820378227166714,
    "epoch_73": 20.288974394430532,
    "epoch_74": 20.79963837200013,
    "epoch_75": 21.05617938550071,
    "epoch_76": 20.895456421353536,
    "epoch_77": 20.44090749025798,
    "epoch_78": 22.23579368284427,
    "epoch_79": 20.74353211132658,
    "epoch_80": 21.016108290477035,
    "epoch_81": 21.375434129400876,
    "epoch_82": 22.097874002067805,
    "epoch_83": 20.55608798242148,
    "epoch_84": 21.130367350139917,
    "epoch_85": 20.528054707566643,
    "epoch_86": 20.702907324498575,
    "epoch_87": 21.649419173328454,
    "epoch_88": 21.443902578101447,
    "epoch_89": 20.66186859171435,
    "epoch_90": 22.14397515566238,
    "epoch_91": 20.35017018841699,
    "epoch_92": 21.596872679142347,
    "epoch_93": 21.313384849351323,
    "epoch_94": 21.328742888047774,
    "epoch_95": 19.483394957542345,
    "epoch_96": 19.665566919959623,
    "epoch_97": 20.490887043733338,
    "epoch_98": 21.249560251318094,
    "epoch_99": 19.90883484407787
}