{
    "epoch_1": {
        "MCSample_0": 307.11408175773596,
        "MCSample_1": 317.62951435107624,
        "MCSample_2": 283.89810101763163,
        "MCSample_3": 300.98945112135937,
        "MCSample_4": 291.6880131607976,
        "MCSample_5": 296.8947237383091,
        "MCSample_6": 293.651730131277,
        "MCSample_7": 312.5034503293907,
        "MCSample_8": 282.177092280935,
        "MCSample_9": 312.087233714556,
        "MCSample_10": 314.6725988661847,
        "MCSample_11": 302.138852326269,
        "MCSample_12": 309.83065070206584,
        "MCSample_13": 292.3511275707338,
        "MCSample_14": 312.23831019116744,
        "MCSample_15": 314.0786868113613,
        "MCSample_16": 297.9314049426539,
        "MCSample_17": 307.0161366630445,
        "MCSample_18": 316.7467885933097,
        "MCSample_19": 320.4089780499393
    },
    "epoch_6": {
        "MCSample_0": 90.55287005531308,
        "MCSample_1": 96.01504001426233,
        "MCSample_2": 95.44461075769617,
        "MCSample_3": 96.604969689026,
        "MCSample_4": 92.24750478369583,
        "MCSample_5": 101.8090200008354,
        "MCSample_6": 91.26156384967142,
        "MCSample_7": 101.96268405652455,
        "MCSample_8": 94.13830256880394,
        "MCSample_9": 89.32541671083513,
        "MCSample_10": 99.44337430309584,
        "MCSample_11": 86.93110738950801,
        "MCSample_12": 101.02555666058343,
        "MCSample_13": 86.56984657636674,
        "MCSample_14": 93.13305634902598,
        "MCSample_15": 106.73239909810036,
        "MCSample_16": 98.3882103056338,
        "MCSample_17": 99.38706149485016,
        "MCSample_18": 92.98369046601104,
        "MCSample_19": 92.88719263347384
    },
    "epoch_11": {
        "MCSample_0": 54.42857198679244,
        "MCSample_1": 52.640434459795706,
        "MCSample_2": 49.10633254397055,
        "MCSample_3": 59.87737334787502,
        "MCSample_4": 49.99032949295472,
        "MCSample_5": 49.058362815303035,
        "MCSample_6": 48.68238216658738,
        "MCSample_7": 58.2915748442661,
        "MCSample_8": 52.030670022340686,
        "MCSample_9": 45.783143031236605,
        "MCSample_10": 55.86342416732231,
        "MCSample_11": 45.660780840885465,
        "MCSample_12": 48.43879456640115,
        "MCSample_13": 53.04854369829155,
        "MCSample_14": 55.67401714350179,
        "MCSample_15": 55.613074352007516,
        "MCSample_16": 52.67751754180688,
        "MCSample_17": 46.549608291599625,
        "MCSample_18": 48.48887523157558,
        "MCSample_19": 52.081463155671656
    },
    "epoch_16": {
        "MCSample_0": 28.376487713112724,
        "MCSample_1": 25.38761227902638,
        "MCSample_2": 27.916904764358172,
        "MCSample_3": 29.519948576187073,
        "MCSample_4": 25.50865977220839,
        "MCSample_5": 25.677796612120876,
        "MCSample_6": 25.87900800757065,
        "MCSample_7": 24.07082968404659,
        "MCSample_8": 26.40282065875072,
        "MCSample_9": 25.02479138257387,
        "MCSample_10": 24.8717148070994,
        "MCSample_11": 28.36016689625549,
        "MCSample_12": 26.50208636636199,
        "MCSample_13": 28.054713785080825,
        "MCSample_14": 26.513549274403058,
        "MCSample_15": 23.221122617024587,
        "MCSample_16": 28.24926498549144,
        "MCSample_17": 26.488945705716763,
        "MCSample_18": 25.682451924346285,
        "MCSample_19": 23.609749290070432
    },
    "epoch_21": {
        "MCSample_0": 29.653891053805104,
        "MCSample_1": 28.533794125697856,
        "MCSample_2": 29.173426270569703,
        "MCSample_3": 26.91562695799012,
        "MCSample_4": 29.72038923837488,
        "MCSample_5": 27.40394720968229,
        "MCSample_6": 28.165281863350113,
        "MCSample_7": 27.756236383399578,
        "MCSample_8": 24.862263895730813,
        "MCSample_9": 28.920324366983,
        "MCSample_10": 30.75069827905756,
        "MCSample_11": 27.125603093954773,
        "MCSample_12": 24.423748414296817,
        "MCSample_13": 24.93192518574345,
        "MCSample_14": 28.67271424598731,
        "MCSample_15": 27.487274311892545,
        "MCSample_16": 29.065322008574725,
        "MCSample_17": 29.522442014725886,
        "MCSample_18": 27.525995933038875,
        "MCSample_19": 27.81883922207759
    },
    "epoch_26": {
        "MCSample_0": 24.631942375330297,
        "MCSample_1": 26.794114557842843,
        "MCSample_2": 26.792849918828765,
        "MCSample_3": 25.534250225644705,
        "MCSample_4": 27.39755437688434,
        "MCSample_5": 22.01650304423754,
        "MCSample_6": 30.199216755595163,
        "MCSample_7": 26.932467134859795,
        "MCSample_8": 23.948130978965693,
        "MCSample_9": 30.18496017982809,
        "MCSample_10": 22.86972276963728,
        "MCSample_11": 25.003871793802865,
        "MCSample_12": 24.994528032668985,
        "MCSample_13": 26.922260720793144,
        "MCSample_14": 24.57240515125113,
        "MCSample_15": 24.572497385225663,
        "MCSample_16": 23.44793417114566,
        "MCSample_17": 26.57846448006698,
        "MCSample_18": 26.530978917712144,
        "MCSample_19": 28.43026324983462
    },
    "epoch_31": {
        "MCSample_0": 23.374278444009214,
        "MCSample_1": 25.267982931797697,
        "MCSample_2": 23.425528636645847,
        "MCSample_3": 24.475624564972836,
        "MCSample_4": 21.616611120454994,
        "MCSample_5": 22.350881098384736,
        "MCSample_6": 24.79441427478351,
        "MCSample_7": 26.149794531322552,
        "MCSample_8": 21.092776929580562,
        "MCSample_9": 25.497560957054873,
        "MCSample_10": 25.412208089585985,
        "MCSample_11": 24.593160212963742,
        "MCSample_12": 20.494545064553606,
        "MCSample_13": 22.060563432912115,
        "MCSample_14": 23.673959724077072,
        "MCSample_15": 21.99102661015527,
        "MCSample_16": 22.281765126299046,
        "MCSample_17": 20.82138067259036,
        "MCSample_18": 22.982116802723777,
        "MCSample_19": 23.3728421730246
    },
    "epoch_36": {
        "MCSample_0": 19.924232898517694,
        "MCSample_1": 20.38123605200849,
        "MCSample_2": 22.885465394640665,
        "MCSample_3": 20.100335449232812,
        "MCSample_4": 20.066430061816327,
        "MCSample_5": 19.634439203787352,
        "MCSample_6": 23.67123501874445,
        "MCSample_7": 19.899897509201914,
        "MCSample_8": 18.259458399739415,
        "MCSample_9": 20.750611246242055,
        "MCSample_10": 22.135349876190155,
        "MCSample_11": 21.343622334355036,
        "MCSample_12": 23.927418697303796,
        "MCSample_13": 22.328757574389407,
        "MCSample_14": 22.007490275647694,
        "MCSample_15": 20.673821388678927,
        "MCSample_16": 26.13920445985868,
        "MCSample_17": 17.754228899701566,
        "MCSample_18": 22.167815959544136,
        "MCSample_19": 20.25881701857533
    },
    "epoch_41": {
        "MCSample_0": 22.389250353881334,
        "MCSample_1": 23.98995807291503,
        "MCSample_2": 24.613616417343323,
        "MCSample_3": 19.195913497675768,
        "MCSample_4": 20.656479857841003,
        "MCSample_5": 23.88916297080854,
        "MCSample_6": 22.990725619147884,
        "MCSample_7": 23.664856250694683,
        "MCSample_8": 23.287463326235766,
        "MCSample_9": 20.722544990038568,
        "MCSample_10": 22.28702359895653,
        "MCSample_11": 18.871343632558826,
        "MCSample_12": 25.470461339905327,
        "MCSample_13": 21.234269738811278,
        "MCSample_14": 20.98351067305131,
        "MCSample_15": 25.531394928050574,
        "MCSample_16": 24.37917003124411,
        "MCSample_17": 23.574485813384207,
        "MCSample_18": 20.948476606265995,
        "MCSample_19": 23.386112461273356
    },
    "epoch_46": {
        "MCSample_0": 20.58331104863742,
        "MCSample_1": 21.52909051104419,
        "MCSample_2": 20.9515338271058,
        "MCSample_3": 19.353356343706373,
        "MCSample_4": 19.97015949655671,