{
    "true_V_value": 0.0860101236565517,
    "iteration_0": [
        43.39413388111073,
        43.273354641172865,
        42.763402095387406,
        43.201391140131925,
        42.44185180299713,
        43.05639520068966,
        43.3712791691949,
        42.61992205619579,
        43.3809778162502,
        43.11346495956273,
        43.32463830622869,
        43.63980194312386,
        43.36443828743192,
        42.97111145506765,
        43.3944587552552,
        42.76019634418376,
        43.04215106424145,
        43.03462644307545,
        42.95951889420478,
        43.34108955941078,
        43.129184352441264,
        42.825776886595584,
        42.9473636289892,
        42.873667009476684,
        43.7882224287872,
        42.68855313418934,
        43.1663312793133,
        42.63288471793426,
        43.13330060790033,
        43.0819636397507
    ],
    "iteration_1": [
        0.08605137152916131,
        0.08605136921751735,
        0.08605137243843071,
        0.08605137422382565,
        0.08605137506480962,
        0.08605137093926518,
        0.08605137099024235,
        0.08605137256735339,
        0.08605137311603583,
        0.08605137950781085,
        0.08605137383813426,
        0.08605137371341165,
        0.08605137194440104,
        0.08605137222794848,
        0.08605136880711403,
        0.08605136677597951,
        0.08605137373790579,
        0.08605137487813916,
        0.08605137102725377,
        0.08605137391891107,
        0.08605137328224968,
        0.08605137347463454,
        0.0860513705145843,
        0.08605137045940292,
        0.08605137014452455,
        0.08605137020121695,
        0.08605137061299306,
        0.08605136987818915,
        0.0860513737705072,
        0.0860513694718705
    ],
    "iteration_2": [
        0.08605190241778518,
        0.08605190246487651,
        0.08605190242836946,
        0.08605190244920358,
        0.08605190243279423,
        0.08605190244223268,
        0.08605190242830311,
        0.08605190245457225,
        0.08605190242414869,
        0.08605190242885245,
        0.08605190245415682,
        0.08605190244270415,
        0.08605190244009167,
        0.08605190242108277,
        0.0860519024374115,
        0.08605190242133569,
        0.08605190242977066,
        0.08605190243812863,
        0.08605190245759789,
        0.08605190242722481,
        0.08605190243278793,
        0.08605190243534626,
        0.08605190244573735,
        0.08605190245375594,
        0.08605190244265365,
        0.08605190244905328,
        0.08605190241696807,
        0.08605190242726721,
        0.08605190244430191,
        0.08605190245774094
    ],
    "iteration_3": [
        0.0860519034135235,
        0.08605190341366081,
        0.08605190341351283,
        0.08605190341367734,
        0.08605190341367881,
        0.08605190341359822,
        0.0860519034139319,
        0.08605190341358797,
        0.0860519034134829,
        0.08605190341344823,
        0.08605190341365897,
        0.08605190341360558,
        0.08605190341356081,
        0.08605190341369902,
        0.08605190341368765,
        0.08605190341359695,
        0.08605190341351247,
        0.08605190341372562,
        0.0860519034133664,
        0.08605190341360507,
        0.08605190341358179,
        0.08605190341372262,
        0.08605190341365657,
        0.08605190341369452,
        0.08605190341358777,
        0.08605190341353446,
        0.08605190341373939,
        0.08605190341369207,
        0.08605190341368996,
        0.08605190341360987
    ],
    "iteration_4": [
        0.08605190342219994,
        0.08605190342220893,
        0.08605190342220799,
        0.08605190342220646,
        0.08605190342220707,
        0.08605190342220283,
        0.08605190342220392,
        0.086051903422208,
        0.08605190342221283,
        0.08605190342220667,
        0.08605190342220623,
        0.08605190342222103,
        0.0860519034222079,
        0.0860519034222115,
        0.08605190342220435,
        0.0860519034222131,
        0.08605190342220827,
        0.08605190342220942,
        0.08605190342220445,
        0.08605190342220997,
        0.08605190342220397,
        0.08605190342220576,
        0.08605190342220519,
        0.08605190342221486,
        0.08605190342219834,
        0.08605190342220803,
        0.08605190342220304,
        0.08605190342220094,
        0.08605190342221258,
        0.0860519034221977
    ]
}