{
    "iteration_0": 12474.058482613129,
    "iteration_1": 1549.2794332128492,
    "iteration_2": 1657.0860949387647,
    "iteration_3": 1647.9639154820031,
    "iteration_4": 1612.3378711566127,
    "iteration_5": 1663.3093003454148,
    "iteration_6": 1672.9430799264828,
    "iteration_7": 1620.4401803398425,
    "iteration_8": 1621.9312198144369,
    "iteration_9": 1606.5441295637222,
    "iteration_10": 1702.672874324997,
    "iteration_11": 1604.6646214246546,
    "iteration_12": 1648.4438575975632,
    "iteration_13": 1615.9075528746837,
    "iteration_14": 1654.8445287104082,
    "iteration_15": 1632.3614315670663,
    "iteration_16": 1646.4620451224366
}