epoch,w2_loss_train_samples,g_OT_train_loss,g_constraints_train_loss,remaining_f_train_loss,mu_2moment_train_loss,miu_mean_train,miu_var_train
1,0.4453151208446011,"[-2.7595847789591383, -2.3492879723509144, -1.7759806656651203]",0.015789911190760755,"[-2.2192623260481437, -2.980721335982283, -1.653726013439397]",2.2267572666663256,"[0.04665781557559967, 0.0402006059885025]","[[1.9176441993279467, -0.3528164370409384], [-0.3528164370409384, 2.557969731056484]]"
2,0.2528359920779864,"[-2.887525991797448, -2.620417068435086, -1.888335468586948]",1.1000369220894428e-06,"[-2.452280490497748, -3.0583676979939143, -1.7972044481833775]",2.4523737194803035,"[0.00016898835019674152, 0.0013485642848536372]","[[2.12555659252778, -0.3330341548827372], [-0.3330341548827372, 2.827037367009237]]"
