{
    "iteration_0": 12496.086674991911,
    "iteration_1": 1515.1422811564635,
    "iteration_2": 1624.7722632169105,
    "iteration_3": 1651.4113132045918,
    "iteration_4": 1593.3244617948149,
    "iteration_5": 1624.5538085257685,
    "iteration_6": 1632.5282311347707,
    "iteration_7": 1581.249067844041,
    "iteration_8": 1625.059224361935,
    "iteration_9": 1652.289586398329,
    "iteration_10": 1603.2459134371295,
    "iteration_11": 1631.1079883172254,
    "iteration_12": 1687.0791388091532,
    "iteration_13": 1667.313879714548,
    "iteration_14": 1615.1424280032047,
    "iteration_15": 1581.4684304548623
}