{
    "true_V_value": 8995.729501516724,
    "iteration_0": 19930.69261068073,
    "iteration_1": 8929.769893734298,
    "iteration_2": 9090.043564688374,
    "iteration_3": 9112.583133039401,
    "iteration_4": 9141.838974099453,
    "iteration_5": 9138.615930008662,
    "iteration_6": 9224.203508998206,
    "iteration_7": 9039.664715663024,
    "iteration_8": 9084.812021342328,
    "iteration_9": 9082.559015460214,
    "iteration_10": 9231.462176364355,
    "iteration_11": 9118.786411726574,
    "iteration_12": 9158.926518279093,
    "iteration_13": 9062.45301008552,
    "iteration_14": 9108.60399180086,
    "iteration_15": 9130.816806694054,
    "iteration_16": 9136.512573006223
}