{
    "iteration_300": 2566.9028107817526,
    "iteration_600": 2479.4159264478976,
    "iteration_900": 2414.3009256293626,
    "iteration_1200": 2404.6658645859256,
    "iteration_1500": 2350.3190350041955,
    "iteration_1800": 2368.990358391458,
    "iteration_2100": 2396.0234211538746,
    "iteration_2400": 2348.442733213719,
    "iteration_2700": 2333.220525293293,
    "iteration_3000": 2308.9012668342143,
    "iteration_3300": 2266.999023554528,
    "iteration_3600": 2337.1956569595045,
    "iteration_3900": 2238.097158880945,
    "iteration_4200": 2255.127313932905,
    "iteration_4500": 2233.1773210383435,
    "iteration_4800": 2178.685264843797,
    "iteration_5100": 2042.4221722053173,
    "iteration_5400": 1929.8810152163578,
    "iteration_5700": 1856.0832686783874,
    "iteration_6000": 1726.744959576425,
    "iteration_6300": 1511.609922251652,
    "iteration_6600": 1237.0381152659436,
    "iteration_6900": 1007.9515250729571,
    "iteration_7200": 857.1268158783057,
    "iteration_7500": 779.8154610246545,
    "iteration_7800": 704.2058305249914,
    "iteration_8100": 690.0339309556041,
    "iteration_8400": 665.0252818064662,
    "iteration_8700": 646.361844146286,
    "iteration_9000": 653.7521230003199,
    "iteration_9300": 629.0805487899108,
    "iteration_9600": 632.7411432298646,
    "iteration_9900": 631.6841177138922,
    "iteration_10200": 613.8909355895956,
    "iteration_10500": 597.4136772405386,
    "iteration_10800": 572.7797869060283,
    "iteration_11100": 543.5085327418777,
    "iteration_11400": 498.3021925353152,
    "iteration_11700": 436.36243438944854,
    "iteration_12000": 367.12637426813353,
    "iteration_12300": 285.1192181940787,
    "iteration_12600": 183.76091194710324,
    "iteration_12900": 134.8961293201583,
    "iteration_13200": 100.66584137511296,
    "iteration_13500": 78.39107303734919,
    "iteration_13800": 73.26122801183722,
    "iteration_14100": 65.52256362467176,
    "iteration_14400": 61.671088310678684,
    "iteration_14700": 57.901928546385314,
    "iteration_15000": 69.1427408711161,
    "iteration_15300": 63.37433117809925,
    "iteration_15600": 63.858526236218154,
    "iteration_15900": 77.94653064721928,
    "iteration_16200": 81.06610944022711,
    "iteration_16500": 68.31823244697664,
    "iteration_16800": 71.77721288683307,
    "iteration_17100": 67.27746296944949,
    "iteration_17400": 85.08699633683602,
    "iteration_17700": 77.34641087372837,
    "iteration_18000": 92.1311272876029,
    "iteration_18300": 88.87846546839053,
    "iteration_18600": 86.63520573273735,
    "iteration_18900": 89.80807749204952,
    "iteration_19200": 103.15195810335857,
    "iteration_19500": 115.08927765116766,
    "iteration_19800": 114.06824893342035,
    "iteration_20100": 123.87785889214832,
    "iteration_20400": 139.12267414315258,
    "iteration_20700": 152.09880103008106,
    "iteration_21000": 155.63463998873294,
    "iteration_21300": 165.17528439565285,
    "iteration_21600": 190.5693836955389,
    "iteration_21900": 200.55555316965223,
    "iteration_22200": 212.70587519889565,
    "iteration_22500": 218.10064039243267,
    "iteration_22800": 238.15879124350113,
    "iteration_23100": 235.76111334769735,
    "iteration_23400": 232.85262461322193,
    "iteration_23700": 259.3647013725234,
    "iteration_24000": 261.6027995377735,
    "iteration_24300": 262.3750816793871,
    "iteration_24600": 272.3771382328137,
    "iteration_24900": 270.28668858286653,
    "iteration_25200": 278.71380511050535,
    "iteration_25500": 280.1832189541289,
    "iteration_25800": 290.9742498769259,
    "iteration_26100": 283.21238045298145,
    "iteration_26400": 290.88002588229705,
    "iteration_26700": 290.3795714300075,
    "iteration_27000": 289.1810780248139,
    "iteration_27300": 294.70964769161645,
    "iteration_27600": 291.97260581504577,
    "iteration_27900": 301.23536064996455,
    "iteration_28200": 292.0889123086273,
    "iteration_28500": 304.1614008340081,
    "iteration_28800": 302.8022707928947,
    "iteration_29100": 312.66352105018643,
    "iteration_29400": 303.653333954266,
    "iteration_29700": 306.5354043492403,
    "iteration_30000": 309.192648797429,
    "iteration_30300": 311.86547485895505,
    "iteration_30600": 320.17040802154014,
    "iteration_30900": 313.64411241942264,
    "iteration_31200": 315.4843645768257,
    "iteration_31500": 313.10802712505995,
    "iteration_31800": 319.97688273948177,
    "iteration_32100": 320.5666319256336,
    "iteration_32400": 324.0537830577181,
    "iteration_32700": 321.54813970196193,
    "iteration_33000": 324.2788119542827,
    "iteration_33300": 321.75031807408124,
    "iteration_33600": 324.6190293322483,
    "iteration_33900": 320.87689478395475,
    "iteration_34200": 334.3962789665522,
    "iteration_34500": 327.90422013461193,
    "iteration_34800": 328.85897730062055,
    "iteration_35100": 331.59300660590804,
    "iteration_35400": 327.8257485372251,
    "iteration_35700": 333.1216548813097,
    "iteration_36000": 334.702479733529,
    "iteration_36300": 332.0511668799252,
    "iteration_36600": 337.8468763167851,
    "iteration_36900": 330.84729940676226,
    "iteration_37200": 339.2907373549779,
    "iteration_37500": 335.3033743443999,
    "iteration_37800": 333.7418286448915,
    "iteration_38100": 334.0632909019486,
    "iteration_38400": 337.6449972772341,
    "iteration_38700": 335.1394632613331,
    "iteration_39000": 339.07695304196966,
    "iteration_39300": 338.37493777445223,
    "iteration_39600": 342.9123020422186,
    "iteration_39900": 341.6937059352043
}