{
    "epoch_1": 6388.674568627117,
    "epoch_2": 5981.088997960376,
    "epoch_3": 5936.244979443111,
    "epoch_4": 5881.816445044899,
    "epoch_5": 5869.099232398159,
    "epoch_6": 5881.420065539335,
    "epoch_7": 5852.594894060291,
    "epoch_8": 5851.207445758242,
    "epoch_9": 5853.029751262531,
    "epoch_10": 5848.484709165268,
    "epoch_11": 5850.317270520457,
    "epoch_12": 5845.663762369455,
    "epoch_13": 5854.129036758373,
    "epoch_14": 5846.910026519269,
    "epoch_15": 5843.7540435265455,
    "epoch_16": 5844.749081750752,
    "epoch_17": 5845.703777221798,
    "epoch_18": 5846.900310258718,
    "epoch_19": 5841.419203102361,
    "epoch_20": 5847.965490707638,
    "epoch_21": 5847.001777072849,
    "epoch_22": 5856.337481777748,
    "epoch_23": 5844.030022400614,
    "epoch_24": 5843.135467110582,
    "epoch_25": 5843.144841584056,
    "epoch_26": 5843.0705154520765,
    "epoch_27": 5845.845612886891,
    "epoch_28": 5842.688628574272,
    "epoch_29": 5845.65118125858,
    "epoch_30": 5843.131974080684,
    "epoch_31": 5842.990674158783,
    "epoch_32": 5840.723887624739,
    "epoch_33": 5845.206576877961,
    "epoch_34": 5842.001741778621,
    "epoch_35": 5844.0205404221,
    "epoch_36": 5845.346497323852,
    "epoch_37": 5842.448017945685,
    "epoch_38": 5842.269633971603,
    "epoch_39": 5842.802299104935,
    "epoch_40": 5840.345782840644,
    "epoch_41": 5840.365094624688,
    "epoch_42": 5840.6472602323465,
    "epoch_43": 5841.773072725804,
    "epoch_44": 5838.768726019358,
    "epoch_45": 5839.257392594959,
    "epoch_46": 5839.345602210071,
    "epoch_47": 5839.736339542609,
    "epoch_48": 5841.194480016382,
    "epoch_49": 5838.833051057069,
    "epoch_50": 5839.773569255899,
    "epoch_51": 5840.124244451819,
    "epoch_52": 5840.907320364237,
    "epoch_53": 5838.409252823094,
    "epoch_54": 5842.736078070051,
    "epoch_55": 5838.259803782605,
    "epoch_56": 5840.0446515821395,
    "epoch_57": 5842.478353823311,
    "epoch_58": 5842.099744709101,
    "epoch_59": 5841.349119943607,
    "epoch_60": 5839.734006191627,
    "epoch_61": 5844.592075368808,
    "epoch_62": 5840.62670779103,
    "epoch_63": 5841.566179301595,
    "epoch_64": 5843.258829213932,
    "epoch_65": 5841.400077108212,
    "epoch_66": 5843.2165782964485,
    "epoch_67": 5840.855923982589,
    "epoch_68": 5842.044916553257,
    "epoch_69": 5839.844627098164,
    "epoch_70": 5838.559625272955,
    "epoch_71": 5841.297660553157,
    "epoch_72": 5843.255675798638,
    "epoch_73": 5840.455217381879,
    "epoch_74": 5842.4639071468755,
    "epoch_75": 5842.265099700265,
    "epoch_76": 5840.102165114408,
    "epoch_77": 5840.503164769805,
    "epoch_78": 5838.937593034068,
    "epoch_79": 5838.685222712984,
    "epoch_80": 5841.043816826968,
    "epoch_81": 5840.976591383372,
    "epoch_82": 5840.5023794598865,
    "epoch_83": 5840.809219170498,
    "epoch_84": 5840.151203215267,
    "epoch_85": 5840.859741665103,
    "epoch_86": 5840.667434444214,
    "epoch_87": 5841.1063942911405,
    "epoch_88": 5841.719183905617,
    "epoch_89": 5838.849589782987,
    "epoch_90": 5841.12644790088,
    "epoch_91": 5842.185075935877,
    "epoch_92": 5841.729267164924,
    "epoch_93": 5839.82043642264,
    "epoch_94": 5841.561382097803,
    "epoch_95": 5845.746376543615,
    "epoch_96": 5840.269550454597,
    "epoch_97": 5839.816666859803,
    "epoch_98": 5842.67534364674,
    "epoch_99": 5843.798089983184
}