{
    "iteration_0": 12579.382217297207,
    "iteration_1": 1568.3599241657544,
    "iteration_2": 1713.725395724924,
    "iteration_3": 1610.5021709953805,
    "iteration_4": 1647.9047123498337,
    "iteration_5": 1600.630073678627,
    "iteration_6": 1703.2800580622009,
    "iteration_7": 1624.811320491985,
    "iteration_8": 1641.3490673820943,
    "iteration_9": 1648.9633075502998,
    "iteration_10": 1779.013576621825,
    "iteration_11": 1671.5103585087695,
    "iteration_12": 1645.437088869463,
    "iteration_13": 1739.391107510489,
    "iteration_14": 1733.0585228597834,
    "iteration_15": 1654.6931681501342,
    "iteration_16": 1680.645982564194,
    "iteration_17": 1622.8951248379387,
    "iteration_18": 1678.780167725159,
    "iteration_19": 1735.6797186254935
}