{
    "iter_2750": {
        "MCSample_0": 10737.977801723902,
        "MCSample_1": 10735.339164606235,
        "MCSample_2": 10712.104825518092,
        "MCSample_3": 10790.583613320498,
        "MCSample_4": 10709.177474542024,
        "MCSample_5": 10824.649555253594,
        "MCSample_6": 10771.808271613674,
        "MCSample_7": 10750.650417214514,
        "MCSample_8": 10666.699299697731,
        "MCSample_9": 10810.10371459271,
        "MCSample_10": 10697.16482470176,
        "MCSample_11": 10718.097295837744,
        "MCSample_12": 10806.809660574365,
        "MCSample_13": 10853.842131698628,
        "MCSample_14": 10683.544214260257,
        "MCSample_15": 10762.82626245878,
        "MCSample_16": 10751.90276398982,
        "MCSample_17": 10746.5691541199,
        "MCSample_18": 10745.017577718236,
        "MCSample_19": 10938.195786748356
    },
    "iter_5500": {
        "MCSample_0": 10241.853231168267,
        "MCSample_1": 10027.58204206691,
        "MCSample_2": 10107.848597687553,
        "MCSample_3": 10300.318868065047,
        "MCSample_4": 10292.042581953989,
        "MCSample_5": 10122.295268581325,
        "MCSample_6": 10152.066504123093,
        "MCSample_7": 10111.307169591535,
        "MCSample_8": 10250.767185455448,
        "MCSample_9": 10217.491413448392,
        "MCSample_10": 10277.98731794224,
        "MCSample_11": 10098.69432977871,
        "MCSample_12": 10213.164437326264,
        "MCSample_13": 10079.960102103056,
        "MCSample_14": 10245.286771559313,
        "MCSample_15": 10295.568249362284,
        "MCSample_16": 10094.53510824955,
        "MCSample_17": 10196.28557208689,
        "MCSample_18": 10194.968141384796,
        "MCSample_19": 10138.415186001765
    },
    "iter_8250": {
        "MCSample_0": 10311.935419765752,
        "MCSample_1": 10228.49314669104,
        "MCSample_2": 10189.124223243056,
        "MCSample_3": 10312.819708370345,
        "MCSample_4": 10172.500035267094,
        "MCSample_5": 10229.12415735504,
        "MCSample_6": 10297.968417742404,
        "MCSample_7": 10288.949278633701,
        "MCSample_8": 10238.355193014122,
        "MCSample_9": 10255.90654586801,
        "MCSample_10": 10242.69792171278,
        "MCSample_11": 10271.266841431854,
        "MCSample_12": 10314.603034390413,
        "MCSample_13": 10297.611030369872,
        "MCSample_14": 10174.869130000538,
        "MCSample_15": 10332.366256606516,
        "MCSample_16": 10375.160230144245,
        "MCSample_17": 10323.977066455602,
        "MCSample_18": 10257.080593819941,
        "MCSample_19": 10271.406036342898
    },
    "iter_11000": {
        "MCSample_0": 10374.379789079663,
        "MCSample_1": 10344.329416665036,
        "MCSample_2": 10235.054636381681,
        "MCSample_3": 10191.773622940862,
        "MCSample_4": 10274.621625574659,
        "MCSample_5": 10278.644724635558,
        "MCSample_6": 10367.03057706856,
        "MCSample_7": 10244.765355924792,
        "MCSample_8": 10338.412120141704,
        "MCSample_9": 10267.762929143777,
        "MCSample_10": 10291.300888817415,
        "MCSample_11": 10247.703800770978,
        "MCSample_12": 10292.136122207137,
        "MCSample_13": 10270.392200021506,
        "MCSample_14": 10200.900861048396,
        "MCSample_15": 10232.236357223208,
        "MCSample_16": 10305.783953802747,
        "MCSample_17": 10356.298432332693,
        "MCSample_18": 10345.506074516767,
        "MCSample_19": 10227.265040000057
    },
    "iter_13750": {
        "MCSample_0": 10171.72567851342,
        "MCSample_1": 10239.857416886622,
        "MCSample_2": 10307.637796444305,
        "MCSample_3": 10244.636800686225,
        "MCSample_4": 10043.655089869186,
        "MCSample_5": 10250.17796800959,
        "MCSample_6": 10222.65002281231,
        "MCSample_7": 10262.968257361492,
        "MCSample_8": 10243.08446773943,
        "MCSample_9": 10282.391850834107,
        "MCSample_10": 10217.24909657416,
        "MCSample_11": 10306.076555180603,
        "MCSample_12": 10198.891764299344,
        "MCSample_13": 10134.096224883806,
        "MCSample_14": 10164.379084218686,
        "MCSample_15": 10220.399707749168,
        "MCSample_16": 10223.739286171678,
        "MCSample_17": 10197.774557349185,
        "MCSample_18": 10165.874604853829,
        "MCSample_19": 10187.930173922297
    },
    "iter_16500": {
        "MCSample_0": 10210.682158767422,
        "MCSample_1": 10287.963275799175,
        "MCSample_2": 10289.987346803313,
        "MCSample_3": 10234.572958880755,
        "MCSample_4": 10177.300146601032,
        "MCSample_5": 10166.400554757263,
        "MCSample_6": 10271.503698974284,
        "MCSample_7": 10350.27325561379,
        "MCSample_8": 10239.30307366573,
        "MCSample_9": 10257.946255637913,
        "MCSample_10": 10239.440108105306,
        "MCSample_11": 10238.857341997398,
        "MCSample_12": 10333.443737152986,
        "MCSample_13": 10177.001034555678,
        "MCSample_14": 10184.428211949225,
        "MCSample_15": 10161.894810844226,
        "MCSample_16": 10248.899173798396,
        "MCSample_17": 10251.64681002699,
        "MCSample_18": 10281.459903540856,
        "MCSample_19": 10214.576855015823
    },
    "iter_19250": {
        "MCSample_0": 10309.359890740812,
        "MCSample_1": 10331.816492691913,
        "MCSample_2": 10529.473221699127,
        "MCSample_3": 10340.678834673357,
        "MCSample_4": 10460.429149080372,
        "MCSample_5": 10423.28466852676,
        "MCSample_6": 10408.864667128286,
        "MCSample_7": 10422.457695542336,
        "MCSample_8": 10351.223962452688,
        "MCSample_9": 10461.798582423884,
        "MCSample_10": 10526.119818131356,
        "MCSample_11": 10331.400247477026,
        "MCSample_12": 10363.43125720236,
        "MCSample_13": 10481.89322240533,
        "MCSample_14": 10414.44606784693,
        "MCSample_15": 10343.425817554913,
        "MCSample_16": 10393.927624524946,
        "MCSample_17": 10329.91570917676,
        "MCSample_18": 10375.89492965487,
        "MCSample_19": 10422.356679870874
    },
    "iter_22000": {
        "MCSample_0": 10306.809119152127,
        "MCSample_1": 10293.998783420178,
        "MCSample_2": 10339.722041089168,
        "MCSample_3": 10207.859155240038,
        "MCSample_4": 10302.705165785981,
        "MCSample_5": 10385.456668924335,
        "MCSample_6": 10258.5191381686,
        "MCSample_7": 10317.729737794825,
        "MCSample_8": 10302.170181800839,
        "MCSample_9": 10369.546250220186,
        "MCSample_10": 10327.596399461681,
        "MCSample_11": 10442.003006356867,
        "MCSample_12": 10253.120180990534,
        "MCSample_13": 10336.502687045408,
        "MCSample_14": 10387.299543071598,
        "MCSample_15": 10218.565899573347,
        "MCSample_16": 10360.312749666296,
        "MCSample_17": 10392.098970651852,
        "MCSample_18": 10342.96687027217,
        "MCSample_19": 10335.715259422348
    },
    "iter_24750": {
        "MCSample_0": 10396.291970625074,
        "MCSample_1": 10323.968643033208,
        "MCSample_2": 10390.623672203308,
        "MCSample_3": 10283.719841589078,
        "MCSample_4": 10404.780821304203,
        "MCSample_5": 10264.945556339102,
        "MCSample_6": 10303.234315138963,
        "MCSample_7": 10366.82352738341,
        "MCSample_8": 10447.339910248013,
        "MCSample_9": 10355.39635506549,
        "MCSample_10": 10367.487117667562,
        "MCSample_11": 10442.865815408803,
        "MCSample_12": 10412.286992032172,
        "MCSample_13": 10407.116341546462,
        "MCSample_14": 10424.325837257533,
        "MCSample_15": 10274.349757535476,
        "MCSample_16": 10392.307568556691,
        "MCSample_17": 10239.702261687149,
        "MCSample_18": 10346.563641070372,
        "MCSample_19": 10409.599908832857
    },
    "iter_27500": {
        "MCSample_0": 10183.95833732462,
        "MCSample_1": 10261.557667449135,
        "MCSample_2": 10338.000400248726,