{
    "iteration_550": 12020.473082809363,
    "iteration_1100": 11598.794634584363,
    "iteration_1650": 11344.76843668082,
    "iteration_2200": 10990.129126352687,
    "iteration_2750": 10808.008020343348,
    "iteration_3300": 10576.730625199316,
    "iteration_3850": 10214.590249367735,
    "iteration_4400": 10330.141487704666,
    "iteration_4950": 10245.313065266877,
    "iteration_5500": 10209.5558167084,
    "iteration_6050": 10377.77780966668,
    "iteration_6600": 10231.603413003146,
    "iteration_7150": 10261.748772859288,
    "iteration_7700": 10453.1213033033,
    "iteration_8250": 10250.73094158133,
    "iteration_8800": 10206.286694733599,
    "iteration_9350": 10192.02042006538,
    "iteration_9900": 10231.178546750647,
    "iteration_10450": 10218.50092547176,
    "iteration_11000": 10289.107222045795,
    "iteration_11550": 10259.879157308604,
    "iteration_12100": 10275.805506327557,
    "iteration_12650": 10489.455526004886,
    "iteration_13200": 10280.973664921465,
    "iteration_13750": 10215.833932906382,
    "iteration_14300": 10207.25387863061,
    "iteration_14850": 10193.402774039456,
    "iteration_15400": 10383.540354585346,
    "iteration_15950": 10269.99030087359,
    "iteration_16500": 10258.967906173762,
    "iteration_17050": 10310.170667834434,
    "iteration_17600": 10250.436106592419,
    "iteration_18150": 10379.972881061442,
    "iteration_18700": 10534.443774858826,
    "iteration_19250": 10429.184342969422,
    "iteration_19800": 10389.565145569017,
    "iteration_20350": 10311.724953919758,
    "iteration_20900": 10399.202792129678,
    "iteration_21450": 10308.045239273935,
    "iteration_22000": 10387.239493210942,
    "iteration_22550": 10375.97826627656,
    "iteration_23100": 10267.042928196575,
    "iteration_23650": 10246.102249842057,
    "iteration_24200": 10250.830928882191,
    "iteration_24750": 10367.705414400769,
    "iteration_25300": 10495.885741568443,
    "iteration_25850": 10522.831023712779,
    "iteration_26400": 10273.23684452236,
    "iteration_26950": 10269.387710804649,
    "iteration_27500": 10291.846636927348,
    "iteration_28050": 10360.822889591263,
    "iteration_28600": 10343.807037150296,
    "iteration_29150": 10388.180345259912,
    "iteration_29700": 10551.609665749042,
    "iteration_30250": 10472.94026863167,
    "iteration_30800": 10463.21288418464,
    "iteration_31350": 10468.660260206434,
    "iteration_31900": 10353.975780419456,
    "iteration_32450": 10411.340004729402,
    "iteration_33000": 10398.0120582301,
    "iteration_33550": 10412.13504551092,
    "iteration_34100": 10348.158319414706,
    "iteration_34650": 10330.534835212482,
    "iteration_35200": 10321.201510053146,
    "iteration_35750": 10364.547789942793,
    "iteration_36300": 10571.05264102967,
    "iteration_36850": 10592.374777102139,
    "iteration_37400": 10566.112626608056,
    "iteration_37950": 10458.947279549804,
    "iteration_38500": 10574.812940442616,
    "iteration_39050": 10849.542602924437,
    "iteration_39600": 11034.115941348762,
    "iteration_40150": 10801.92288863456,
    "iteration_40700": 10565.12740506029,
    "iteration_41250": 10515.89593667453,
    "iteration_41800": 10416.045403830092,
    "iteration_42350": 10435.939890211248,
    "iteration_42900": 10427.917089112803,
    "iteration_43450": 10498.537001128436,
    "iteration_44000": 10513.330201132752,
    "iteration_44550": 10432.466477445352,
    "iteration_45100": 10437.841967593537,
    "iteration_45650": 10391.536556837824,
    "iteration_46200": 10490.124600795474,
    "iteration_46750": 10440.460875012674,
    "iteration_47300": 10454.295681947722,
    "iteration_47850": 10384.87921633974,
    "iteration_48400": 10346.807277270245,
    "iteration_48950": 10436.148411219248,
    "iteration_49500": 10521.866392046304,
    "iteration_50050": 10932.53642234012
}