{
    "true_V_value": 5207.356527077647,
    "iteration_0": 7678.97368062701,
    "iteration_1": 5177.802254823356,
    "iteration_2": 5153.785215785879,
    "iteration_3": 5122.4240509172505,
    "iteration_4": 5184.620667368521,
    "iteration_5": 5151.250785982161,
    "iteration_6": 5117.81426277456,
    "iteration_7": 5216.1090693628175,
    "iteration_8": 5183.042700527184,
    "iteration_9": 5297.843981865577
}