{
    "epoch_1": 5650.868883238454,
    "epoch_2": 5556.177762412344,
    "epoch_3": 5537.463672462458,
    "epoch_4": 5539.664308792713,
    "epoch_5": 5426.5627420282935,
    "epoch_6": 5474.803632173112,
    "epoch_7": 5534.446500885693,
    "epoch_8": 5532.68517259389,
    "epoch_9": 5384.1177968460925,
    "epoch_10": 5530.856447621905,
    "epoch_11": 5471.29783935933,
    "epoch_12": 5488.925109718855,
    "epoch_13": 5438.987067761679,
    "epoch_14": 5440.763258614164,
    "epoch_15": 5323.045509799692,
    "epoch_16": 5437.963171208678,
    "epoch_17": 5493.5924134560755,
    "epoch_18": 5462.966017230526,
    "epoch_19": 5401.631993803321,
    "epoch_20": 5452.75724966137,
    "epoch_21": 5310.816458702215,
    "epoch_22": 5430.0164893697065,
    "epoch_23": 5362.315081133779,
    "epoch_24": 5414.515183777396,
    "epoch_25": 5438.062425309767,
    "epoch_26": 5318.050811235186,
    "epoch_27": 5521.566381035263,
    "epoch_28": 5368.438284878748,
    "epoch_29": 5358.605864921111,
    "epoch_30": 5292.524359458693,
    "epoch_31": 5476.797868597482,
    "epoch_32": 5476.168334813116,
    "epoch_33": 5332.475247894783,
    "epoch_34": 5407.548933784829,
    "epoch_35": 5409.138846514735,
    "epoch_36": 5427.292095450469,
    "epoch_37": 5561.9846799907145,
    "epoch_38": 5419.227542578796,
    "epoch_39": 5482.082393365453,
    "epoch_40": 5383.811484254811,
    "epoch_41": 5447.284598028673,
    "epoch_42": 5401.061530339781,
    "epoch_43": 5392.591418754002,
    "epoch_44": 5309.848460707227,
    "epoch_45": 5426.24474705418,
    "epoch_46": 5442.204022196549,
    "epoch_47": 5307.448008099464,
    "epoch_48": 5397.841345411076,
    "epoch_49": 5441.453075704607,
    "epoch_50": 5497.059736434634,
    "epoch_51": 5397.460223334278,
    "epoch_52": 5387.955830724375,
    "epoch_53": 5442.134905700298,
    "epoch_54": 5402.028123841785,
    "epoch_55": 5464.314508473457,
    "epoch_56": 5395.299076310597,
    "epoch_57": 5377.881876449526,
    "epoch_58": 5347.8605867752385,
    "epoch_59": 5385.115885346504
}