{
    "epoch_1": 5608.7827803803475,
    "epoch_2": 5566.718946718755,
    "epoch_3": 5440.3690897013,
    "epoch_4": 5499.014896162609,
    "epoch_5": 5418.43509946564,
    "epoch_6": 5609.2929137558085,
    "epoch_7": 5557.30352755596,
    "epoch_8": 5427.435778182999,
    "epoch_9": 5386.709645007712,
    "epoch_10": 5447.817736762724,
    "epoch_11": 5379.977687429358,
    "epoch_12": 5368.069870858993,
    "epoch_13": 5393.611950499847,
    "epoch_14": 5461.575174911625,
    "epoch_15": 5476.2004137501635,
    "epoch_16": 5456.812969461168,
    "epoch_17": 5593.504573861724,
    "epoch_18": 5446.595297354252,
    "epoch_19": 5386.96938177473,
    "epoch_20": 5440.046070760948,
    "epoch_21": 5447.344798592002,
    "epoch_22": 5417.89191436858,
    "epoch_23": 5388.207947035922,
    "epoch_24": 5427.109361737641,
    "epoch_25": 5386.212779707014,
    "epoch_26": 5373.647250744125,
    "epoch_27": 5530.308821923501,
    "epoch_28": 5564.511359270715,
    "epoch_29": 5395.836932600153,
    "epoch_30": 5385.105651745026,
    "epoch_31": 5421.894932197132,
    "epoch_32": 5418.472046299409,
    "epoch_33": 5389.28480761951,
    "epoch_34": 5456.7920607514,
    "epoch_35": 5316.314432879667,
    "epoch_36": 5498.637751640916,
    "epoch_37": 5499.003086076386,
    "epoch_38": 5395.744251016609,
    "epoch_39": 5439.599358737861,
    "epoch_40": 5471.065406107815,
    "epoch_41": 5538.488988449719,
    "epoch_42": 5488.571161799599,
    "epoch_43": 5442.552926843617,
    "epoch_44": 5355.959066736539,
    "epoch_45": 5446.422372035556,
    "epoch_46": 5416.9156110187705,
    "epoch_47": 5328.905212958973,
    "epoch_48": 5372.938021939655,
    "epoch_49": 5454.704131636364,
    "epoch_50": 5419.211640162777,
    "epoch_51": 5468.469519108853,
    "epoch_52": 5407.579491927889,
    "epoch_53": 5510.936444189159,
    "epoch_54": 5355.589320133187,
    "epoch_55": 5452.925236499931,
    "epoch_56": 5255.2957548447375,
    "epoch_57": 5453.201635689053,
    "epoch_58": 5434.575199939463,
    "epoch_59": 5440.736254008399,
    "epoch_60": 5547.982705961022,
    "epoch_61": 5502.303637583698,
    "epoch_62": 5504.706571282547,
    "epoch_63": 5417.381764590786,
    "epoch_64": 5395.738814123664,
    "epoch_65": 5525.411625339765,
    "epoch_66": 5383.883900457236,
    "epoch_67": 5395.682377258292,
    "epoch_68": 5475.684395446535,
    "epoch_69": 5413.134897058055,
    "epoch_70": 5441.482933696871,
    "epoch_71": 5326.921915315532,
    "epoch_72": 5453.1761315171225,
    "epoch_73": 5320.0259363000205,
    "epoch_74": 5416.465895226402,
    "epoch_75": 5541.157531640774,
    "epoch_76": 5359.417826795773,
    "epoch_77": 5486.19810433901,
    "epoch_78": 5451.724446434287,
    "epoch_79": 5448.920103726784,
    "epoch_80": 5460.756371789985,
    "epoch_81": 5311.139626000628,
    "epoch_82": 5449.756791423677,
    "epoch_83": 5524.019446103252,
    "epoch_84": 5411.357963171728,
    "epoch_85": 5392.935843927422,
    "epoch_86": 5475.907138692572,
    "epoch_87": 5541.5614730119505,
    "epoch_88": 5443.579536623287,
    "epoch_89": 5482.969226242114,
    "epoch_90": 5406.153694956408,
    "epoch_91": 5426.234315820733,
    "epoch_92": 5412.299414009579,
    "epoch_93": 5395.627277495983,
    "epoch_94": 5492.668511827042,
    "epoch_95": 5381.001487081086,
    "epoch_96": 5429.232762091777,
    "epoch_97": 5497.762598990224,
    "epoch_98": 5399.802317763504,
    "epoch_99": 5479.162887301914
}