{
    "epoch_1": {
        "MCSample_0": 5718.4625598842385,
        "MCSample_1": 5880.1696144134685,
        "MCSample_2": 5667.725483183718,
        "MCSample_3": 5751.512832378527,
        "MCSample_4": 5730.962616957984,
        "MCSample_5": 5684.200949377829,
        "MCSample_6": 5574.066932714968,
        "MCSample_7": 5687.8238437864975,
        "MCSample_8": 5624.8460448734395,
        "MCSample_9": 5575.5200619396865,
        "MCSample_10": 5681.027981581756,
        "MCSample_11": 5699.468125019726,
        "MCSample_12": 5696.609867687974,
        "MCSample_13": 5720.763400718775,
        "MCSample_14": 5744.107993208688,
        "MCSample_15": 5693.96028587882,
        "MCSample_16": 5689.253572605283,
        "MCSample_17": 5791.4589420273805,
        "MCSample_18": 5616.528139667493,
        "MCSample_19": 5765.636615178853
    },
    "epoch_6": {
        "MCSample_0": 5519.656995527136,
        "MCSample_1": 5509.646762395941,
        "MCSample_2": 5471.196817726423,
        "MCSample_3": 5500.393333744093,
        "MCSample_4": 5510.068343851703,
        "MCSample_5": 5586.2220673555985,
        "MCSample_6": 5534.0582707422745,
        "MCSample_7": 5469.611889945755,
        "MCSample_8": 5481.589406445817,
        "MCSample_9": 5487.386019007682,
        "MCSample_10": 5473.773271222837,
        "MCSample_11": 5413.664444461074,
        "MCSample_12": 5480.556781756384,
        "MCSample_13": 5524.210963555024,
        "MCSample_14": 5535.103269923992,
        "MCSample_15": 5545.214607859241,
        "MCSample_16": 5509.770950740648,
        "MCSample_17": 5539.281329685707,
        "MCSample_18": 5526.9869120454005,
        "MCSample_19": 5533.859846827943
    },
    "epoch_11": {
        "MCSample_0": 5388.350263938739,
        "MCSample_1": 5474.259610627849,
        "MCSample_2": 5391.1926058578365,
        "MCSample_3": 5416.547947539939,
        "MCSample_4": 5373.751570444419,
        "MCSample_5": 5420.512233544214,
        "MCSample_6": 5409.657354934252,
        "MCSample_7": 5369.019611312693,
        "MCSample_8": 5419.258449896086,
        "MCSample_9": 5440.9858773383585,
        "MCSample_10": 5479.498245743485,
        "MCSample_11": 5419.088919584953,
        "MCSample_12": 5405.319742760884,
        "MCSample_13": 5373.427714782886,
        "MCSample_14": 5480.480222220636,
        "MCSample_15": 5387.703999347054,
        "MCSample_16": 5447.424346542355,
        "MCSample_17": 5459.796597571869,
        "MCSample_18": 5443.107553438453,
        "MCSample_19": 5502.539387443107
    },
    "epoch_16": {
        "MCSample_0": 5534.492148955991,
        "MCSample_1": 5481.888559462786,
        "MCSample_2": 5429.847148126601,
        "MCSample_3": 5440.534669233899,
        "MCSample_4": 5416.280876356492,
        "MCSample_5": 5326.0079308006325,
        "MCSample_6": 5354.074542996663,
        "MCSample_7": 5424.260142951547,
        "MCSample_8": 5443.214759462969,
        "MCSample_9": 5366.46751887274,
        "MCSample_10": 5428.529665307855,
        "MCSample_11": 5441.763712465938,
        "MCSample_12": 5411.755449350562,
        "MCSample_13": 5316.849091992697,
        "MCSample_14": 5481.831739618203,
        "MCSample_15": 5351.005709873044,
        "MCSample_16": 5327.690536983053,
        "MCSample_17": 5483.571204449672,
        "MCSample_18": 5391.199414925074,
        "MCSample_19": 5356.307786349653
    },
    "epoch_21": {
        "MCSample_0": 5504.344471411004,
        "MCSample_1": 5312.600368938838,
        "MCSample_2": 5440.219763048835,
        "MCSample_3": 5398.049592795114,
        "MCSample_4": 5395.025735994226,
        "MCSample_5": 5378.618385517187,
        "MCSample_6": 5358.441887117539,
        "MCSample_7": 5417.129120026671,
        "MCSample_8": 5381.490081195916,
        "MCSample_9": 5407.668082294502,
        "MCSample_10": 5471.577284779256,
        "MCSample_11": 5417.729170389723,
        "MCSample_12": 5492.447925311045,
        "MCSample_13": 5471.277818623597,
        "MCSample_14": 5353.432010775797,
        "MCSample_15": 5508.42691838873,
        "MCSample_16": 5487.244399701034,
        "MCSample_17": 5403.425698606941,
        "MCSample_18": 5385.475844550033,
        "MCSample_19": 5477.406076652925
    },
    "epoch_26": {
        "MCSample_0": 5397.897739778504,
        "MCSample_1": 5283.294255748797,
        "MCSample_2": 5444.602428759545,
        "MCSample_3": 5401.876092197022,
        "MCSample_4": 5368.204514782245,
        "MCSample_5": 5414.814631152944,
        "MCSample_6": 5376.571183261336,
        "MCSample_7": 5404.589976993026,
        "MCSample_8": 5411.836115626174,
        "MCSample_9": 5388.810606414003,
        "MCSample_10": 5439.740946187408,
        "MCSample_11": 5405.748906358762,
        "MCSample_12": 5460.589528348465,
        "MCSample_13": 5470.972298660372,
        "MCSample_14": 5576.1072082077435,
        "MCSample_15": 5393.229489615781,
        "MCSample_16": 5441.583649729366,
        "MCSample_17": 5387.992190808734,
        "MCSample_18": 5401.216482078269,
        "MCSample_19": 5475.2820245158455
    },
    "epoch_31": {
        "MCSample_0": 5424.161886203484,
        "MCSample_1": 5392.390821825447,
        "MCSample_2": 5477.540858575476,
        "MCSample_3": 5505.4009078076,
        "MCSample_4": 5362.536292939092,
        "MCSample_5": 5290.151224333704,
        "MCSample_6": 5282.4900300720465,
        "MCSample_7": 5334.616755335195,
        "MCSample_8": 5421.14500633234,
        "MCSample_9": 5574.950413776741,
        "MCSample_10": 5391.762469897317,
        "MCSample_11": 5289.50447456175,
        "MCSample_12": 5435.620670498845,
        "MCSample_13": 5428.238625918909,
        "MCSample_14": 5315.152706067383,
        "MCSample_15": 5461.872211369699,
        "MCSample_16": 5427.092563555112,
        "MCSample_17": 5469.360227034753,
        "MCSample_18": 5371.4216376054155,
        "MCSample_19": 5506.122536990488
    },
    "epoch_36": {
        "MCSample_0": 5251.055031526564,
        "MCSample_1": 5408.051280220138,
        "MCSample_2": 5319.880820694219,
        "MCSample_3": 5430.277011223427,
        "MCSample_4": 5481.490365246271,
        "MCSample_5": 5341.904696861593,
        "MCSample_6": 5395.370994202558,
        "MCSample_7": 5412.288705507334,
        "MCSample_8": 5441.2274932315795,
        "MCSample_9": 5411.606433907093,
        "MCSample_10": 5380.296286179468,
        "MCSample_11": 5317.85494974088,
        "MCSample_12": 5493.8182689628675,
        "MCSample_13": 5341.0167450285135,
        "MCSample_14": 5487.164799536251,
        "MCSample_15": 5403.188175390613,
        "MCSample_16": 5443.817189890623,
        "MCSample_17": 5326.347373786425,
        "MCSample_18": 5386.78571411197,
        "MCSample_19": 5463.988905748828
    },
    "epoch_41": {
        "MCSample_0": 5404.5217642865555,
        "MCSample_1": 5396.690008502666,
        "MCSample_2": 5323.520883283369,
        "MCSample_3": 5370.555296155423,
        "MCSample_4": 5442.0319919581025,
        "MCSample_5": 5427.984751477458,
        "MCSample_6": 5334.036527557869,
        "MCSample_7": 5429.225024871237,
        "MCSample_8": 5471.040386365291,
        "MCSample_9": 5500.746309282299,
        "MCSample_10": 5377.059823422509,
        "MCSample_11": 5325.610068309087,
        "MCSample_12": 5384.150605235068,
        "MCSample_13": 5478.735882615116,
        "MCSample_14": 5358.168378248163,
        "MCSample_15": 5458.95578473728,
        "MCSample_16": 5313.6473940650585,
        "MCSample_17": 5392.344897799215,
        "MCSample_18": 5412.454092934896,
        "MCSample_19": 5331.042294999759
    },
    "epoch_46": {
        "MCSample_0": 5498.239245676711,
        "MCSample_1": 5331.58353974153,
        "MCSample_2": 5507.786959734754,
        "MCSample_3": 5395.092820395947,
        "MCSample_4": 5357.326986897993,
        "MCSample_5": 5399.167123570223,