{
    "iteration_300": 2504.1278306318186,
    "iteration_600": 2378.072980904231,
    "iteration_900": 2173.8400182818896,
    "iteration_1200": 1950.8904830266795,
    "iteration_1500": 1614.199071935159,
    "iteration_1800": 1319.527219054517,
    "iteration_2100": 1122.8448856204977,
    "iteration_2400": 928.37600667783,
    "iteration_2700": 796.6905271560345,
    "iteration_3000": 713.1494806131121,
    "iteration_3300": 699.8418163687245,
    "iteration_3600": 701.749756185758,
    "iteration_3900": 684.5147435791567,
    "iteration_4200": 736.0462580906536,
    "iteration_4500": 724.1736560525496,
    "iteration_4800": 725.9691583694914,
    "iteration_5100": 717.3035442487435,
    "iteration_5400": 680.1696358685755,
    "iteration_5700": 734.1861784688768,
    "iteration_6000": 692.9598922602788,
    "iteration_6300": 668.2872522041318,
    "iteration_6600": 641.0939125110013,
    "iteration_6900": 643.2454546105836,
    "iteration_7200": 627.9637896244695,
    "iteration_7500": 626.2073527705363,
    "iteration_7800": 574.6685964548708,
    "iteration_8100": 501.41818825099307,
    "iteration_8400": 416.1601144818487,
    "iteration_8700": 319.12252966206194,
    "iteration_9000": 203.44088939115028,
    "iteration_9300": 146.07579177955088,
    "iteration_9600": 106.86986232539348,
    "iteration_9900": 92.35576776207417,
    "iteration_10200": 99.59263678875926,
    "iteration_10500": 102.73864095978202,
    "iteration_10800": 89.85021395358244,
    "iteration_11100": 100.61117293209416,
    "iteration_11400": 104.77439719195911,
    "iteration_11700": 106.93853552521543,
    "iteration_12000": 119.78674880638849,
    "iteration_12300": 122.79446513890925,
    "iteration_12600": 128.13700785203167,
    "iteration_12900": 136.6798312492029,
    "iteration_13200": 137.86838619992216,
    "iteration_13500": 146.09202857694015,
    "iteration_13800": 146.47207016515887,
    "iteration_14100": 166.64471017146624,
    "iteration_14400": 161.25708811392528,
    "iteration_14700": 164.3146364905411,
    "iteration_15000": 169.53491070704916,
    "iteration_15300": 180.4595299132246,
    "iteration_15600": 180.654590842086
}